2025-06-30 20:43:25,239 - INFO - Starting stock data fetch for 5 tickers: ['HSBA.L', 'BP.L', 'AZN.L', 'GSK.L', 'VOD.L']
2025-06-30 20:43:26,045 - INFO - Successfully processed HSBA.L: 2629 records
2025-06-30 20:43:26,045 - INFO - Successfully processed BP.L: 2628 records
2025-06-30 20:43:26,049 - INFO - Successfully processed AZN.L: 2629 records
2025-06-30 20:43:26,053 - INFO - Successfully processed GSK.L: 2629 records
2025-06-30 20:43:26,055 - INFO - Successfully processed VOD.L: 2629 records
2025-06-30 20:43:26,064 - INFO - Stock data fetch completed - Total records: 13,144, Date range: 2015-01-02 00:00:00 to 2025-05-30 00:00:00
2025-06-30 20:43:26,067 - INFO - Starting macroeconomic data fetch
2025-06-30 20:43:26,067 - INFO - Downloading GBP/USD exchange rate
2025-06-30 20:43:26,323 - INFO - FX data downloaded: 2711 records
2025-06-30 20:43:26,323 - INFO - Processing CPI data
2025-06-30 20:43:26,430 - INFO - CPI data processed: 13575 records
2025-06-30 20:43:26,430 - INFO - Processing Bank Rate data
2025-06-30 20:43:26,466 - INFO - Bank Rate data processed: 18372 records
2025-06-30 20:43:26,469 - INFO - Processing Unemployment data
2025-06-30 20:43:26,485 - INFO - Unemployment data processed: 19725 records
2025-06-30 20:43:26,551 - INFO - Macroeconomic data merge completed - Total records: 19,725
2025-06-30 20:43:26,553 - INFO - Starting dataset merge
2025-06-30 20:43:26,572 - INFO - Dataset merge completed - 13,144 records with 11 features
2025-06-30 20:43:26,576 - INFO - Starting technical indicators calculation
2025-06-30 20:43:26,577 - INFO - Computing technical indicators by ticker
2025-06-30 20:43:26,759 - INFO - Technical indicators calculation completed - Final dataset: 12,899 records with 43 features
2025-06-30 20:43:26,759 - INFO - Starting lag features calculation
2025-06-30 20:43:26,759 - INFO - Computing lag features by ticker
2025-06-30 20:43:26,855 - INFO - Lag features calculation completed - Final dataset: 12,894 records with 85 features
2025-06-30 20:43:26,855 - INFO - Starting complete analysis generation
2025-06-30 20:43:26,856 - INFO - Creating stock price visualizations
2025-06-30 20:43:29,076 - INFO - Stock price trends plot saved to C:/Users/sheri/Downloads/Causal_Inference_Project/Output\stock_price_trends.png
2025-06-30 20:43:29,078 - INFO - Creating macroeconomic visualizations
2025-06-30 20:43:30,492 - INFO - Macroeconomic indicators plot saved to C:/Users/sheri/Downloads/Causal_Inference_Project/Output\macroeconomic_indicators.png
2025-06-30 20:43:30,492 - INFO - Creating technical indicator visualizations
2025-06-30 20:43:32,249 - INFO - Technical indicators plot saved to C:/Users/sheri/Downloads/Causal_Inference_Project/Output\technical_indicators_AZN.L.png
2025-06-30 20:43:32,249 - INFO - Creating correlation analysis
2025-06-30 20:43:33,067 - INFO - Correlation matrix plot saved to C:/Users/sheri/Downloads/Causal_Inference_Project/Output\correlation_matrix.png
2025-06-30 20:43:33,067 - INFO - Creating target analysis
2025-06-30 20:43:33,241 - INFO - Using categorical units to plot a list of strings that are all parsable as floats or dates. If these strings should be plotted as numbers, cast to the appropriate data type before plotting.
2025-06-30 20:43:33,241 - INFO - Using categorical units to plot a list of strings that are all parsable as floats or dates. If these strings should be plotted as numbers, cast to the appropriate data type before plotting.
2025-06-30 20:43:34,977 - INFO - Target analysis plot saved to C:/Users/sheri/Downloads/Causal_Inference_Project/Output\target_analysis.png
2025-06-30 20:43:34,977 - INFO - Analyzing feature importance
2025-06-30 20:43:35,673 - INFO - Feature importance plot saved to C:/Users/sheri/Downloads/Causal_Inference_Project/Output\feature_importance.png
2025-06-30 20:43:35,673 - INFO - Top Predictive Features:
2025-06-30 20:43:35,673 - INFO -  1. Target_Excess_Return | Correlation: 0.6889
2025-06-30 20:43:35,673 - INFO -  2. CPI_lag_5            | Correlation: 0.0270
2025-06-30 20:43:35,673 - INFO -  3. CPI_lag_20           | Correlation: 0.0268
2025-06-30 20:43:35,673 - INFO -  4. Return_10D           | Correlation: 0.0262
2025-06-30 20:43:35,673 - INFO -  5. CPI_lag_10           | Correlation: 0.0261
2025-06-30 20:43:35,681 - INFO -  6. CPI                  | Correlation: 0.0261
2025-06-30 20:43:35,681 - INFO -  7. CPI_lag_1            | Correlation: 0.0259
2025-06-30 20:43:35,682 - INFO -  8. UnemploymentRate_lag_20 | Correlation: 0.0220
2025-06-30 20:43:35,682 - INFO -  9. UnemploymentRate_lag_5 | Correlation: 0.0217
2025-06-30 20:43:35,683 - INFO - 10. UnemploymentRate_lag_1 | Correlation: 0.0202
2025-06-30 20:43:35,684 - INFO - Complete analysis generation finished
2025-06-30 20:43:35,684 - INFO - Generating summary report
2025-06-30 20:43:35,687 - INFO - Dataset Summary - Records: 12,894, Stocks: 5, Features: 85
2025-06-30 20:43:35,692 - INFO - Market Performance - AZN.L: Avg Return 0.0005, Volatility 0.0154
2025-06-30 20:43:35,693 - INFO - Market Performance - BP.L: Avg Return 0.0001, Volatility 0.0196
2025-06-30 20:43:35,693 - INFO - Market Performance - GSK.L: Avg Return 0.0001, Volatility 0.0133
2025-06-30 20:43:35,694 - INFO - Market Performance - HSBA.L: Avg Return 0.0003, Volatility 0.0158
2025-06-30 20:43:35,695 - INFO - Market Performance - VOD.L: Avg Return -0.0003, Volatility 0.0162
2025-06-30 20:43:35,697 - INFO - Market Direction - Up Days: 50.5%, Down Days: 49.5%
2025-06-30 20:43:35,698 - INFO - GBP/USD Average: 1.3135 (±0.0901)
2025-06-30 20:43:35,700 - INFO - Average BoE Rate: 1.56%
2025-06-30 20:43:35,702 - INFO - Average Unemployment: 4.37%
2025-06-30 20:43:35,703 - INFO - Summary report generation completed
2025-06-30 20:43:35,706 - INFO - Starting market regime indicators calculation
2025-06-30 20:43:35,706 - INFO - Calculating regime indicators for AZN.L
2025-06-30 20:43:35,715 - INFO - Regime indicators calculated for AZN.L
2025-06-30 20:43:35,718 - INFO - Calculating regime indicators for BP.L
2025-06-30 20:43:35,724 - INFO - Regime indicators calculated for BP.L
2025-06-30 20:43:35,725 - INFO - Calculating regime indicators for GSK.L
2025-06-30 20:43:35,732 - INFO - Regime indicators calculated for GSK.L
2025-06-30 20:43:35,733 - INFO - Calculating regime indicators for HSBA.L
2025-06-30 20:43:35,739 - INFO - Regime indicators calculated for HSBA.L
2025-06-30 20:43:35,740 - INFO - Calculating regime indicators for VOD.L
2025-06-30 20:43:35,747 - INFO - Regime indicators calculated for VOD.L
2025-06-30 20:43:35,748 - INFO - Market regime indicators calculation completed
2025-06-30 20:43:35,748 - INFO - Starting risk metrics calculation
2025-06-30 20:43:35,749 - INFO - Calculating risk metrics for AZN.L
2025-06-30 20:43:35,763 - INFO - Risk metrics calculated for AZN.L
2025-06-30 20:43:35,764 - INFO - Calculating risk metrics for BP.L
2025-06-30 20:43:35,769 - INFO - Risk metrics calculated for BP.L
2025-06-30 20:43:35,776 - INFO - Calculating risk metrics for GSK.L
2025-06-30 20:43:35,785 - INFO - Risk metrics calculated for GSK.L
2025-06-30 20:43:35,785 - INFO - Calculating risk metrics for HSBA.L
2025-06-30 20:43:35,801 - INFO - Risk metrics calculated for HSBA.L
2025-06-30 20:43:35,803 - INFO - Calculating risk metrics for VOD.L
2025-06-30 20:43:35,818 - INFO - Risk metrics calculated for VOD.L
2025-06-30 20:43:35,818 - INFO - Risk metrics calculation completed
2025-06-30 20:43:35,818 - INFO - Starting sector analysis
2025-06-30 20:43:35,822 - INFO - Sector mapping applied: {'HSBA.L': 'Banking', 'BP.L': 'Energy', 'AZN.L': 'Healthcare', 'GSK.L': 'Healthcare', 'VOD.L': 'Telecommunications'}
2025-06-30 20:43:35,845 - INFO - Sector analysis completed
2025-06-30 20:43:35,864 - INFO - Created plots directory: C:/Users/sheri/Downloads/Causal_Inference_Project/Output
2025-06-30 20:43:35,865 - INFO - CausalInferenceAnalyzer initialized with target variable: Target_Direction
2025-06-30 20:43:35,866 - INFO - Dataset shape: (12894, 92)
2025-06-30 20:43:35,866 - INFO - Starting Granger causality analysis
2025-06-30 20:43:35,867 - INFO - Starting data preparation for Granger causality tests
2025-06-30 20:43:35,872 - INFO - Testing stationarity for 85 variables - Macro: 24, Technical: 29, Price: 28, Other: 4
2025-06-30 20:43:36,345 - INFO - Stationarity test for UnemploymentRate: Stationary (p-value: 0.0001)
2025-06-30 20:43:36,794 - INFO - Stationarity test for CPI: Stationary (p-value: 0.0387)
2025-06-30 20:43:37,250 - INFO - Stationarity test for Rate: Non-stationary (p-value: 0.2126)
2025-06-30 20:43:37,677 - INFO - Stationarity test for Rate (differenced): Stationary (p-value: 0.0000)
2025-06-30 20:43:38,160 - INFO - Stationarity test for GBP/USD: Stationary (p-value: 0.0000)
2025-06-30 20:43:38,645 - INFO - Stationarity test for UnemploymentRate_lag_1: Stationary (p-value: 0.0001)
2025-06-30 20:43:39,091 - INFO - Stationarity test for UnemploymentRate_lag_5: Stationary (p-value: 0.0001)
2025-06-30 20:43:39,543 - INFO - Stationarity test for UnemploymentRate_lag_10: Stationary (p-value: 0.0001)
2025-06-30 20:43:39,979 - INFO - Stationarity test for UnemploymentRate_lag_20: Stationary (p-value: 0.0001)
2025-06-30 20:43:40,474 - INFO - Stationarity test for UnemploymentRate_change: Stationary (p-value: 0.0000)
2025-06-30 20:43:40,948 - INFO - Stationarity test for CPI_lag_1: Stationary (p-value: 0.0386)
2025-06-30 20:43:41,427 - INFO - Stationarity test for CPI_lag_5: Stationary (p-value: 0.0381)
2025-06-30 20:43:41,873 - INFO - Stationarity test for CPI_lag_10: Stationary (p-value: 0.0375)
2025-06-30 20:43:42,294 - INFO - Stationarity test for CPI_lag_20: Stationary (p-value: 0.0363)
2025-06-30 20:43:42,752 - INFO - Stationarity test for CPI_change: Stationary (p-value: 0.0000)
2025-06-30 20:43:43,208 - INFO - Stationarity test for Rate_lag_1: Non-stationary (p-value: 0.2123)
2025-06-30 20:43:43,655 - INFO - Stationarity test for Rate_lag_1 (differenced): Stationary (p-value: 0.0000)
2025-06-30 20:43:44,084 - INFO - Stationarity test for Rate_lag_5: Non-stationary (p-value: 0.2116)
2025-06-30 20:43:44,538 - INFO - Stationarity test for Rate_lag_5 (differenced): Stationary (p-value: 0.0000)
2025-06-30 20:43:44,981 - INFO - Stationarity test for Rate_lag_10: Non-stationary (p-value: 0.2108)
2025-06-30 20:43:45,484 - INFO - Stationarity test for Rate_lag_10 (differenced): Stationary (p-value: 0.0000)
2025-06-30 20:43:45,908 - INFO - Stationarity test for Rate_lag_20: Non-stationary (p-value: 0.2090)
2025-06-30 20:43:46,360 - INFO - Stationarity test for Rate_lag_20 (differenced): Stationary (p-value: 0.0000)
2025-06-30 20:43:46,856 - INFO - Stationarity test for Rate_change: Stationary (p-value: 0.0000)
2025-06-30 20:43:47,407 - INFO - Stationarity test for GBP_USD_lag_1: Stationary (p-value: 0.0000)
2025-06-30 20:43:47,954 - INFO - Stationarity test for GBP_USD_lag_5: Stationary (p-value: 0.0000)
2025-06-30 20:43:48,489 - INFO - Stationarity test for GBP_USD_lag_10: Stationary (p-value: 0.0000)
2025-06-30 20:43:49,071 - INFO - Stationarity test for GBP_USD_lag_20: Stationary (p-value: 0.0000)
2025-06-30 20:43:49,630 - INFO - Stationarity test for GBP_USD_change: Stationary (p-value: 0.0000)
2025-06-30 20:43:50,167 - INFO - Stationarity test for RSI_14: Stationary (p-value: 0.0000)
2025-06-30 20:43:50,727 - INFO - Stationarity test for MACD: Stationary (p-value: 0.0000)
2025-06-30 20:43:51,276 - INFO - Stationarity test for MACD_Signal: Stationary (p-value: 0.0000)
2025-06-30 20:43:51,827 - INFO - Stationarity test for MACD_Histogram: Stationary (p-value: 0.0000)
2025-06-30 20:43:52,380 - INFO - Stationarity test for Stoch_K: Stationary (p-value: 0.0000)
2025-06-30 20:43:52,930 - INFO - Stationarity test for Stoch_D: Stationary (p-value: 0.0000)
2025-06-30 20:43:53,444 - INFO - Stationarity test for SMA_20: Non-stationary (p-value: 0.3825)
2025-06-30 20:43:53,995 - INFO - Stationarity test for SMA_20 (differenced): Stationary (p-value: 0.0000)
2025-06-30 20:43:54,516 - INFO - Stationarity test for SMA_50: Non-stationary (p-value: 0.4120)
2025-06-30 20:43:55,057 - INFO - Stationarity test for SMA_50 (differenced): Stationary (p-value: 0.0000)
2025-06-30 20:43:55,553 - INFO - Stationarity test for SMA_200: Non-stationary (p-value: 0.3661)
2025-06-30 20:43:56,064 - INFO - Stationarity test for SMA_200 (differenced): Stationary (p-value: 0.0000)
2025-06-30 20:43:56,606 - INFO - Stationarity test for EMA_12: Non-stationary (p-value: 0.3755)
2025-06-30 20:43:57,114 - INFO - Stationarity test for EMA_12 (differenced): Stationary (p-value: 0.0000)
2025-06-30 20:43:57,647 - INFO - Stationarity test for EMA_26: Non-stationary (p-value: 0.4299)
2025-06-30 20:43:58,175 - INFO - Stationarity test for EMA_26 (differenced): Stationary (p-value: 0.0000)
2025-06-30 20:43:58,722 - INFO - Stationarity test for BB_Upper: Non-stationary (p-value: 0.3432)
2025-06-30 20:43:59,247 - INFO - Stationarity test for BB_Upper (differenced): Stationary (p-value: 0.0000)
2025-06-30 20:43:59,765 - INFO - Stationarity test for BB_Lower: Non-stationary (p-value: 0.2873)
2025-06-30 20:44:00,297 - INFO - Stationarity test for BB_Lower (differenced): Stationary (p-value: 0.0000)
2025-06-30 20:44:00,842 - INFO - Stationarity test for BB_Width: Stationary (p-value: 0.0000)
2025-06-30 20:44:01,364 - INFO - Stationarity test for BB_Position: Stationary (p-value: 0.0000)
2025-06-30 20:44:01,908 - INFO - Stationarity test for ATR_14: Non-stationary (p-value: 0.0612)
2025-06-30 20:44:02,479 - INFO - Stationarity test for ATR_14 (differenced): Stationary (p-value: 0.0000)
2025-06-30 20:44:03,015 - INFO - Stationarity test for Volume_SMA_20: Non-stationary (p-value: 0.1298)
2025-06-30 20:44:03,562 - INFO - Stationarity test for Volume_SMA_20 (differenced): Stationary (p-value: 0.0000)
2025-06-30 20:44:04,096 - INFO - Stationarity test for RSI_14_lag_1: Stationary (p-value: 0.0000)
2025-06-30 20:44:04,648 - INFO - Stationarity test for RSI_14_lag_3: Stationary (p-value: 0.0000)
2025-06-30 20:44:05,172 - INFO - Stationarity test for RSI_14_lag_5: Stationary (p-value: 0.0000)
2025-06-30 20:44:05,769 - INFO - Stationarity test for MACD_lag_1: Stationary (p-value: 0.0000)
2025-06-30 20:44:06,310 - INFO - Stationarity test for MACD_lag_3: Stationary (p-value: 0.0000)
2025-06-30 20:44:06,853 - INFO - Stationarity test for MACD_lag_5: Stationary (p-value: 0.0000)
2025-06-30 20:44:07,412 - INFO - Stationarity test for BB_Position_lag_1: Stationary (p-value: 0.0000)
2025-06-30 20:44:07,932 - INFO - Stationarity test for BB_Position_lag_3: Stationary (p-value: 0.0000)
2025-06-30 20:44:08,482 - INFO - Stationarity test for BB_Position_lag_5: Stationary (p-value: 0.0000)
2025-06-30 20:44:09,010 - INFO - Stationarity test for ATR_14_lag_1: Non-stationary (p-value: 0.0641)
2025-06-30 20:44:09,565 - INFO - Stationarity test for ATR_14_lag_1 (differenced): Stationary (p-value: 0.0000)
2025-06-30 20:44:10,120 - INFO - Stationarity test for ATR_14_lag_3: Non-stationary (p-value: 0.0540)
2025-06-30 20:44:10,651 - INFO - Stationarity test for ATR_14_lag_3 (differenced): Stationary (p-value: 0.0000)
2025-06-30 20:44:11,205 - INFO - Stationarity test for ATR_14_lag_5: Non-stationary (p-value: 0.0680)
2025-06-30 20:44:11,752 - INFO - Stationarity test for ATR_14_lag_5 (differenced): Stationary (p-value: 0.0000)
2025-06-30 20:44:12,348 - INFO - Stationarity test for Open: Non-stationary (p-value: 0.2898)
2025-06-30 20:44:12,898 - INFO - Stationarity test for Open (differenced): Stationary (p-value: 0.0000)
2025-06-30 20:44:13,431 - INFO - Stationarity test for High: Non-stationary (p-value: 0.2820)
2025-06-30 20:44:13,972 - INFO - Stationarity test for High (differenced): Stationary (p-value: 0.0000)
2025-06-30 20:44:14,526 - INFO - Stationarity test for Low: Non-stationary (p-value: 0.2879)
2025-06-30 20:44:15,065 - INFO - Stationarity test for Low (differenced): Stationary (p-value: 0.0000)
2025-06-30 20:44:15,627 - INFO - Stationarity test for Close: Non-stationary (p-value: 0.2821)
2025-06-30 20:44:16,200 - INFO - Stationarity test for Close (differenced): Stationary (p-value: 0.0000)
2025-06-30 20:44:17,059 - INFO - Stationarity test for Volume: Stationary (p-value: 0.0098)
2025-06-30 20:44:17,699 - INFO - Stationarity test for BB_Lower: Non-stationary (p-value: 0.2873)
2025-06-30 20:44:18,269 - INFO - Stationarity test for BB_Lower (differenced): Stationary (p-value: 0.0000)
2025-06-30 20:44:18,867 - INFO - Stationarity test for Volume_SMA_20: Non-stationary (p-value: 0.1298)
2025-06-30 20:44:19,461 - INFO - Stationarity test for Volume_SMA_20 (differenced): Stationary (p-value: 0.0000)
2025-06-30 20:44:19,994 - INFO - Stationarity test for Volume_Ratio: Stationary (p-value: 0.0000)
2025-06-30 20:44:20,552 - INFO - Stationarity test for Daily_Return: Stationary (p-value: 0.0000)
2025-06-30 20:44:21,085 - INFO - Stationarity test for Daily_Return_Abs: Stationary (p-value: 0.0000)
2025-06-30 20:44:21,657 - INFO - Stationarity test for Return_5D: Stationary (p-value: 0.0000)
2025-06-30 20:44:22,263 - INFO - Stationarity test for Return_10D: Stationary (p-value: 0.0000)
2025-06-30 20:44:22,813 - INFO - Stationarity test for Return_20D: Stationary (p-value: 0.0000)
2025-06-30 20:44:23,347 - INFO - Stationarity test for Volatility_20D: Stationary (p-value: 0.0000)
2025-06-30 20:44:23,880 - INFO - Stationarity test for High_20D: Non-stationary (p-value: 0.2957)
2025-06-30 20:44:24,412 - INFO - Stationarity test for High_20D (differenced): Stationary (p-value: 0.0000)
2025-06-30 20:44:24,948 - INFO - Stationarity test for Low_20D: Non-stationary (p-value: 0.2370)
2025-06-30 20:44:25,463 - INFO - Stationarity test for Low_20D (differenced): Stationary (p-value: 0.0000)
2025-06-30 20:44:26,047 - INFO - Stationarity test for Price_Position: Stationary (p-value: 0.0000)
2025-06-30 20:44:26,581 - INFO - Stationarity test for Daily_Return_lag_1: Stationary (p-value: 0.0000)
2025-06-30 20:44:27,092 - INFO - Stationarity test for Daily_Return_lag_2: Stationary (p-value: 0.0000)
2025-06-30 20:44:27,643 - INFO - Stationarity test for Daily_Return_lag_3: Stationary (p-value: 0.0000)
2025-06-30 20:44:28,176 - INFO - Stationarity test for Daily_Return_lag_5: Stationary (p-value: 0.0000)
2025-06-30 20:44:28,778 - INFO - Stationarity test for Volatility_20D_lag_1: Stationary (p-value: 0.0000)
2025-06-30 20:44:29,330 - INFO - Stationarity test for Volatility_20D_lag_3: Stationary (p-value: 0.0000)
2025-06-30 20:44:29,897 - INFO - Stationarity test for Volatility_20D_lag_5: Stationary (p-value: 0.0000)
2025-06-30 20:44:30,435 - INFO - Stationarity test for Volume_Ratio_lag_1: Stationary (p-value: 0.0000)
2025-06-30 20:44:30,998 - INFO - Stationarity test for Volume_Ratio_lag_3: Stationary (p-value: 0.0000)
2025-06-30 20:44:31,543 - INFO - Stationarity test for Volume_Ratio_lag_5: Stationary (p-value: 0.0000)
2025-06-30 20:44:32,072 - INFO - Stationarity test for Sector_Return: Stationary (p-value: 0.0000)
2025-06-30 20:44:32,556 - INFO - Stationarity test for VaR_95: Stationary (p-value: 0.0010)
2025-06-30 20:44:33,103 - INFO - Stationarity test for Drawdown: Stationary (p-value: 0.0093)
2025-06-30 20:44:33,582 - INFO - Stationarity test for Max_Drawdown: Non-stationary (p-value: 0.5079)
2025-06-30 20:44:34,045 - INFO - Stationarity test for Max_Drawdown (differenced): Stationary (p-value: 0.0000)
2025-06-30 20:44:34,495 - INFO - Stationarity test for Sharpe_Ratio: Stationary (p-value: 0.0000)
2025-06-30 20:44:34,495 - INFO - Stationarity test completed - Stationary: 85, Errors: 0
2025-06-30 20:44:34,499 - INFO - Testing 45 stationary features for Granger causality (filtered from 45 total)
2025-06-30 20:44:43,107 - INFO - Granger causality analysis completed - 45 features tested, 29 significant relationships found
2025-06-30 20:44:43,119 - INFO - Starting causal graph construction
2025-06-30 20:44:43,178 - WARNING - No artists with labels found to put in legend.  Note that artists whose label start with an underscore are ignored when legend() is called with no argument.
2025-06-30 20:44:44,252 - INFO - Causal graph plot saved to C:/Users/sheri/Downloads/Causal_Inference_Project/Output\causal_graph.png
2025-06-30 20:44:44,252 - INFO - Causal graph constructed with 6 nodes and 9 edges
2025-06-30 20:44:44,252 - INFO - Starting enhanced DoWhy causal analysis with proper confounder selection
2025-06-30 20:44:44,252 - INFO - Analyzing causal effect of GBP_USD_lag_5 on Target_Direction
2025-06-30 20:44:44,423 - INFO - Confounder validation for CPI_lag_1: Valid=True, C->T p=0.0013, T->C p=0.4106
2025-06-30 20:44:44,581 - INFO - Confounder validation for CPI_lag_10: Valid=True, C->T p=0.0000, T->C p=0.3455
2025-06-30 20:44:44,751 - INFO - Confounder validation for CPI_lag_5: Valid=True, C->T p=0.0000, T->C p=0.4286
2025-06-30 20:44:44,912 - INFO - Confounder validation for UnemploymentRate_lag_10: Valid=False, C->T p=0.0000, T->C p=0.0000
2025-06-30 20:44:45,061 - INFO - Confounder validation for Rate_lag_1_diff: Valid=False, C->T p=0.0000, T->C p=0.0000
2025-06-30 20:44:45,214 - INFO - Confounder validation for UnemploymentRate_lag_1: Valid=False, C->T p=0.0000, T->C p=0.0000
2025-06-30 20:44:45,357 - INFO - Confounder validation for GBP_USD_lag_1: Valid=False, C->T p=0.0000, T->C p=0.0000
2025-06-30 20:44:45,564 - INFO - Confounder validation for CPI_lag_20: Valid=True, C->T p=0.0001, T->C p=0.3117
2025-06-30 20:44:45,782 - INFO - Confounder validation for UnemploymentRate_lag_5: Valid=False, C->T p=0.0000, T->C p=0.0000
2025-06-30 20:44:45,958 - INFO - Confounder validation for Rate_lag_20_diff: Valid=False, C->T p=0.0157, T->C p=0.0000
2025-06-30 20:44:46,135 - INFO - Confounder validation for UnemploymentRate_lag_20: Valid=False, C->T p=0.0000, T->C p=0.0000
2025-06-30 20:44:46,298 - INFO - Confounder validation for GBP_USD_lag_10: Valid=False, C->T p=0.0000, T->C p=0.0000
2025-06-30 20:44:46,472 - INFO - Confounder validation for Rate_lag_5_diff: Valid=False, C->T p=0.0000, T->C p=0.0000
2025-06-30 20:44:46,644 - INFO - Confounder validation for GBP_USD_lag_20: Valid=False, C->T p=0.0000, T->C p=0.0000
2025-06-30 20:44:46,802 - INFO - Confounder validation for BB_Position_lag_5: Valid=True, C->T p=0.0000, T->C p=0.0899
2025-06-30 20:44:46,968 - INFO - Confounder validation for BB_Position_lag_3: Valid=True, C->T p=0.0000, T->C p=0.1859
2025-06-30 20:44:47,123 - INFO - Confounder validation for RSI_14_lag_1: Valid=False, C->T p=0.0000, T->C p=0.0087
2025-06-30 20:44:47,302 - INFO - Confounder validation for RSI_14_lag_3: Valid=True, C->T p=0.0000, T->C p=0.1554
2025-06-30 20:44:47,441 - INFO - Confounder validation for RSI_14_lag_5: Valid=False, C->T p=0.0000, T->C p=0.0380
2025-06-30 20:44:47,610 - INFO - Confounder validation for BB_Position_lag_1: Valid=True, C->T p=0.0000, T->C p=0.0604
2025-06-30 20:44:47,774 - INFO - Confounder validation for Daily_Return_lag_5: Valid=False, C->T p=0.0000, T->C p=0.0008
2025-06-30 20:44:47,932 - INFO - Confounder validation for Daily_Return_lag_1: Valid=False, C->T p=0.0000, T->C p=0.0012
2025-06-30 20:44:48,073 - INFO - Confounder validation for Daily_Return_lag_3: Valid=True, C->T p=0.0000, T->C p=0.2760
2025-06-30 20:44:48,304 - INFO - Confounder validation for Daily_Return_lag_2: Valid=False, C->T p=0.0000, T->C p=0.0029
2025-06-30 20:44:48,457 - INFO - Confounder validation for Volume_Ratio_lag_1: Valid=False, C->T p=0.0000, T->C p=0.0000
2025-06-30 20:44:48,490 - INFO - Model to find the causal effect of treatment ['GBP_USD_lag_5'] on outcome ['Target_Direction']
2025-06-30 20:44:48,671 - INFO - Causal effect can be identified.
2025-06-30 20:44:48,675 - INFO - Instrumental variables for treatment and outcome:[]
2025-06-30 20:44:48,675 - INFO - Frontdoor variables for treatment and outcome:[]
2025-06-30 20:44:48,675 - INFO - linear_regression
2025-06-30 20:44:48,675 - INFO - INFO: Using Linear Regression Estimator
2025-06-30 20:44:48,678 - INFO - b: Target_Direction~GBP_USD_lag_5+CPI_lag_10+BB_Position_lag_3+Daily_Return_lag_3+CPI_lag_1+BB_Position_lag_5+CPI_lag_20+CPI_lag_5+RSI_14_lag_3+BB_Position_lag_1
2025-06-30 20:44:48,707 - INFO - DoWhy estimate for GBP_USD_lag_5 using backdoor.linear_regression: 0.0098
2025-06-30 20:44:48,708 - INFO - generalized_linear_model
2025-06-30 20:44:48,708 - INFO - INFO: Using Generalized Linear Model Estimator
2025-06-30 20:44:48,709 - INFO - b: Target_Direction~Sigmoid(GBP_USD_lag_5+CPI_lag_10+BB_Position_lag_3+Daily_Return_lag_3+CPI_lag_1+BB_Position_lag_5+CPI_lag_20+CPI_lag_5+RSI_14_lag_3+BB_Position_lag_1)
2025-06-30 20:44:48,750 - INFO - DoWhy estimate for GBP_USD_lag_5 using backdoor.generalized_linear_model: 0.0098
2025-06-30 20:44:48,757 - INFO - Model to find the causal effect of treatment ['GBP_USD_lag_5_placebo'] on outcome ['Target_Direction']
2025-06-30 20:44:48,757 - WARNING - There are an additional 1 variables in the dataset that are not in the graph. Variable names are: '['GBP_USD_lag_5']'
2025-06-30 20:44:48,938 - INFO - Causal effect can be identified.
2025-06-30 20:44:48,939 - INFO - Instrumental variables for treatment and outcome:[]
2025-06-30 20:44:48,940 - INFO - Frontdoor variables for treatment and outcome:[]
2025-06-30 20:44:48,940 - INFO - linear_regression
2025-06-30 20:44:48,940 - INFO - INFO: Using Linear Regression Estimator
2025-06-30 20:44:48,940 - INFO - b: Target_Direction~GBP_USD_lag_5_placebo+CPI_lag_10+BB_Position_lag_3+Daily_Return_lag_3+CPI_lag_1+BB_Position_lag_5+CPI_lag_20+CPI_lag_5+RSI_14_lag_3+BB_Position_lag_1
2025-06-30 20:44:48,965 - INFO - Placebo test for GBP_USD_lag_5: 0.0010
2025-06-30 20:44:48,965 - ERROR - 'MockEstimate' object has no attribute 'estimator'
2025-06-30 20:44:48,965 - INFO - Refutation over 100 simulated datasets, each with a random common cause added
2025-06-30 20:44:48,975 - ERROR - Random common cause test failed for GBP_USD_lag_5: 'MockEstimate' object has no attribute 'estimator'
2025-06-30 20:44:48,976 - INFO - Analyzing causal effect of CPI_lag_1 on Target_Direction
2025-06-30 20:44:49,161 - INFO - Confounder validation for GBP_USD_lag_5: Valid=False, C->T p=0.4106, T->C p=0.0013
2025-06-30 20:44:49,308 - INFO - Confounder validation for CPI_lag_10: Valid=False, C->T p=0.7723, T->C p=0.0000
2025-06-30 20:44:49,472 - INFO - Confounder validation for CPI_lag_5: Valid=False, C->T p=0.8532, T->C p=0.0000
2025-06-30 20:44:49,636 - INFO - Confounder validation for UnemploymentRate_lag_10: Valid=False, C->T p=0.0028, T->C p=0.0000
2025-06-30 20:44:49,805 - INFO - Confounder validation for Rate_lag_1_diff: Valid=False, C->T p=0.9126, T->C p=0.0724
2025-06-30 20:44:49,970 - INFO - Confounder validation for UnemploymentRate_lag_1: Valid=False, C->T p=0.0031, T->C p=0.0000
2025-06-30 20:44:50,128 - INFO - Confounder validation for GBP_USD_lag_1: Valid=False, C->T p=0.4297, T->C p=0.0000
2025-06-30 20:44:50,296 - INFO - Confounder validation for CPI_lag_20: Valid=False, C->T p=0.0054, T->C p=0.0000
2025-06-30 20:44:50,449 - INFO - Confounder validation for UnemploymentRate_lag_5: Valid=False, C->T p=0.0030, T->C p=0.0000
2025-06-30 20:44:50,613 - INFO - Confounder validation for Rate_lag_20_diff: Valid=False, C->T p=0.2091, T->C p=0.0000
2025-06-30 20:44:50,756 - INFO - Confounder validation for UnemploymentRate_lag_20: Valid=False, C->T p=0.0022, T->C p=0.0000
2025-06-30 20:44:50,919 - INFO - Confounder validation for GBP_USD_lag_10: Valid=False, C->T p=0.4543, T->C p=0.0000
2025-06-30 20:44:51,083 - INFO - Confounder validation for Rate_lag_5_diff: Valid=False, C->T p=0.0925, T->C p=0.0000
2025-06-30 20:44:51,243 - INFO - Confounder validation for GBP_USD_lag_20: Valid=False, C->T p=0.4299, T->C p=0.0021
2025-06-30 20:44:51,425 - INFO - Confounder validation for BB_Position_lag_5: Valid=False, C->T p=0.5058, T->C p=0.0832
2025-06-30 20:44:51,574 - INFO - Confounder validation for BB_Position_lag_3: Valid=False, C->T p=0.7509, T->C p=0.1107
2025-06-30 20:44:51,740 - INFO - Confounder validation for RSI_14_lag_1: Valid=False, C->T p=0.5449, T->C p=0.0729
2025-06-30 20:44:51,906 - INFO - Confounder validation for RSI_14_lag_3: Valid=False, C->T p=0.7631, T->C p=0.0323
2025-06-30 20:44:52,082 - INFO - Confounder validation for RSI_14_lag_5: Valid=False, C->T p=0.6929, T->C p=0.0071
2025-06-30 20:44:52,245 - INFO - Confounder validation for BB_Position_lag_1: Valid=False, C->T p=0.6695, T->C p=0.3042
2025-06-30 20:44:52,398 - INFO - Confounder validation for Daily_Return_lag_5: Valid=False, C->T p=0.3110, T->C p=0.1092
2025-06-30 20:44:52,570 - INFO - Confounder validation for Daily_Return_lag_1: Valid=False, C->T p=0.3052, T->C p=0.3556
2025-06-30 20:44:52,717 - INFO - Confounder validation for Daily_Return_lag_3: Valid=False, C->T p=0.3943, T->C p=0.1946
2025-06-30 20:44:52,866 - INFO - Confounder validation for Daily_Return_lag_2: Valid=False, C->T p=0.3553, T->C p=0.2736
2025-06-30 20:44:53,017 - INFO - Confounder validation for Volume_Ratio_lag_1: Valid=False, C->T p=0.0510, T->C p=0.3713
2025-06-30 20:44:53,018 - WARNING - No valid confounders found for CPI_lag_1
2025-06-30 20:44:53,018 - INFO - Analyzing causal effect of CPI_lag_10 on Target_Direction
2025-06-30 20:44:53,196 - INFO - Confounder validation for GBP_USD_lag_5: Valid=False, C->T p=0.3455, T->C p=0.0000
2025-06-30 20:44:53,342 - INFO - Confounder validation for CPI_lag_1: Valid=True, C->T p=0.0000, T->C p=0.7723
2025-06-30 20:44:53,514 - INFO - Confounder validation for CPI_lag_5: Valid=True, C->T p=0.0000, T->C p=0.8317
2025-06-30 20:44:53,689 - INFO - Confounder validation for UnemploymentRate_lag_10: Valid=False, C->T p=0.0029, T->C p=0.0000
2025-06-30 20:44:53,839 - INFO - Confounder validation for Rate_lag_1_diff: Valid=False, C->T p=0.9126, T->C p=0.0000
2025-06-30 20:44:54,002 - INFO - Confounder validation for UnemploymentRate_lag_1: Valid=False, C->T p=0.0029, T->C p=0.0000
2025-06-30 20:44:54,157 - INFO - Confounder validation for GBP_USD_lag_1: Valid=False, C->T p=0.3030, T->C p=0.0561
2025-06-30 20:44:54,323 - INFO - Confounder validation for CPI_lag_20: Valid=False, C->T p=0.7478, T->C p=0.0000
2025-06-30 20:44:54,471 - INFO - Confounder validation for UnemploymentRate_lag_5: Valid=False, C->T p=0.0027, T->C p=0.0000
2025-06-30 20:44:54,639 - INFO - Confounder validation for Rate_lag_20_diff: Valid=False, C->T p=0.0787, T->C p=0.0000
2025-06-30 20:44:54,805 - INFO - Confounder validation for UnemploymentRate_lag_20: Valid=False, C->T p=0.0026, T->C p=0.0000
2025-06-30 20:44:54,963 - INFO - Confounder validation for GBP_USD_lag_10: Valid=False, C->T p=0.4273, T->C p=0.0000
2025-06-30 20:44:55,128 - INFO - Confounder validation for Rate_lag_5_diff: Valid=False, C->T p=0.1310, T->C p=0.0000
2025-06-30 20:44:55,324 - INFO - Confounder validation for GBP_USD_lag_20: Valid=False, C->T p=0.4179, T->C p=0.0002
2025-06-30 20:44:55,498 - INFO - Confounder validation for BB_Position_lag_5: Valid=False, C->T p=0.3101, T->C p=0.1028
2025-06-30 20:44:55,669 - INFO - Confounder validation for BB_Position_lag_3: Valid=False, C->T p=0.5643, T->C p=0.3558
2025-06-30 20:44:55,854 - INFO - Confounder validation for RSI_14_lag_1: Valid=False, C->T p=0.8243, T->C p=0.0533
2025-06-30 20:44:56,020 - INFO - Confounder validation for RSI_14_lag_3: Valid=False, C->T p=0.6554, T->C p=0.6975
2025-06-30 20:44:56,212 - INFO - Confounder validation for RSI_14_lag_5: Valid=False, C->T p=0.4199, T->C p=0.1954
2025-06-30 20:44:56,430 - INFO - Confounder validation for BB_Position_lag_1: Valid=False, C->T p=0.8649, T->C p=0.2305
2025-06-30 20:44:56,649 - INFO - Confounder validation for Daily_Return_lag_5: Valid=False, C->T p=0.1494, T->C p=0.4025
2025-06-30 20:44:56,831 - INFO - Confounder validation for Daily_Return_lag_1: Valid=False, C->T p=0.6263, T->C p=0.4393
2025-06-30 20:44:56,993 - INFO - Confounder validation for Daily_Return_lag_3: Valid=False, C->T p=0.4076, T->C p=0.9018
2025-06-30 20:44:57,149 - INFO - Confounder validation for Daily_Return_lag_2: Valid=False, C->T p=0.5588, T->C p=0.9190
2025-06-30 20:44:57,306 - INFO - Confounder validation for Volume_Ratio_lag_1: Valid=False, C->T p=0.1632, T->C p=0.1351
2025-06-30 20:44:57,319 - INFO - Model to find the causal effect of treatment ['CPI_lag_10'] on outcome ['Target_Direction']
2025-06-30 20:44:57,322 - INFO - Causal effect can be identified.
2025-06-30 20:44:57,324 - INFO - Instrumental variables for treatment and outcome:[]
2025-06-30 20:44:57,324 - INFO - Frontdoor variables for treatment and outcome:[]
2025-06-30 20:44:57,324 - INFO - linear_regression
2025-06-30 20:44:57,325 - INFO - INFO: Using Linear Regression Estimator
2025-06-30 20:44:57,326 - INFO - b: Target_Direction~CPI_lag_10+CPI_lag_1+CPI_lag_5
2025-06-30 20:44:57,347 - INFO - DoWhy estimate for CPI_lag_10 using backdoor.linear_regression: 0.0050
2025-06-30 20:44:57,347 - INFO - generalized_linear_model
2025-06-30 20:44:57,348 - INFO - INFO: Using Generalized Linear Model Estimator
2025-06-30 20:44:57,349 - INFO - b: Target_Direction~Sigmoid(CPI_lag_10+CPI_lag_1+CPI_lag_5)
2025-06-30 20:44:57,379 - INFO - DoWhy estimate for CPI_lag_10 using backdoor.generalized_linear_model: 0.0018
2025-06-30 20:44:57,382 - INFO - Model to find the causal effect of treatment ['CPI_lag_10_placebo'] on outcome ['Target_Direction']
2025-06-30 20:44:57,382 - WARNING - There are an additional 1 variables in the dataset that are not in the graph. Variable names are: '['CPI_lag_10']'
2025-06-30 20:44:57,385 - INFO - Causal effect can be identified.
2025-06-30 20:44:57,386 - INFO - Instrumental variables for treatment and outcome:[]
2025-06-30 20:44:57,386 - INFO - Frontdoor variables for treatment and outcome:[]
2025-06-30 20:44:57,386 - INFO - linear_regression
2025-06-30 20:44:57,388 - INFO - INFO: Using Linear Regression Estimator
2025-06-30 20:44:57,389 - INFO - b: Target_Direction~CPI_lag_10_placebo+CPI_lag_1+CPI_lag_5
2025-06-30 20:44:57,414 - INFO - Placebo test for CPI_lag_10: 0.0002
2025-06-30 20:44:57,415 - ERROR - 'MockEstimate' object has no attribute 'estimator'
2025-06-30 20:44:57,415 - INFO - Refutation over 100 simulated datasets, each with a random common cause added
2025-06-30 20:44:57,416 - ERROR - Random common cause test failed for CPI_lag_10: 'MockEstimate' object has no attribute 'estimator'
2025-06-30 20:44:57,419 - INFO - Analyzing causal effect of CPI_lag_5 on Target_Direction
2025-06-30 20:44:57,639 - INFO - Confounder validation for GBP_USD_lag_5: Valid=False, C->T p=0.4286, T->C p=0.0000
2025-06-30 20:44:57,808 - INFO - Confounder validation for CPI_lag_1: Valid=True, C->T p=0.0000, T->C p=0.8532
2025-06-30 20:44:57,969 - INFO - Confounder validation for CPI_lag_10: Valid=False, C->T p=0.8317, T->C p=0.0000
2025-06-30 20:44:58,136 - INFO - Confounder validation for UnemploymentRate_lag_10: Valid=False, C->T p=0.0028, T->C p=0.0000
2025-06-30 20:44:58,296 - INFO - Confounder validation for Rate_lag_1_diff: Valid=False, C->T p=0.0689, T->C p=0.0000
2025-06-30 20:44:58,453 - INFO - Confounder validation for UnemploymentRate_lag_1: Valid=False, C->T p=0.0027, T->C p=0.0000
2025-06-30 20:44:58,625 - INFO - Confounder validation for GBP_USD_lag_1: Valid=False, C->T p=0.4002, T->C p=0.0000
2025-06-30 20:44:58,782 - INFO - Confounder validation for CPI_lag_20: Valid=False, C->T p=0.6910, T->C p=0.0000
2025-06-30 20:44:59,001 - INFO - Confounder validation for UnemploymentRate_lag_5: Valid=False, C->T p=0.0030, T->C p=0.0000
2025-06-30 20:44:59,187 - INFO - Confounder validation for Rate_lag_20_diff: Valid=False, C->T p=0.4057, T->C p=0.0000
2025-06-30 20:44:59,321 - INFO - Confounder validation for UnemploymentRate_lag_20: Valid=False, C->T p=0.0021, T->C p=0.0000
2025-06-30 20:44:59,500 - INFO - Confounder validation for GBP_USD_lag_10: Valid=False, C->T p=0.4564, T->C p=0.0000
2025-06-30 20:44:59,671 - INFO - Confounder validation for Rate_lag_5_diff: Valid=False, C->T p=0.9092, T->C p=0.0000
2025-06-30 20:44:59,835 - INFO - Confounder validation for GBP_USD_lag_20: Valid=False, C->T p=0.3640, T->C p=0.0000
2025-06-30 20:45:00,017 - INFO - Confounder validation for BB_Position_lag_5: Valid=False, C->T p=0.7732, T->C p=0.3038
2025-06-30 20:45:00,174 - INFO - Confounder validation for BB_Position_lag_3: Valid=False, C->T p=0.7731, T->C p=0.1289
2025-06-30 20:45:00,338 - INFO - Confounder validation for RSI_14_lag_1: Valid=False, C->T p=0.9103, T->C p=0.3106
2025-06-30 20:45:00,507 - INFO - Confounder validation for RSI_14_lag_3: Valid=False, C->T p=0.8790, T->C p=0.0241
2025-06-30 20:45:00,651 - INFO - Confounder validation for RSI_14_lag_5: Valid=False, C->T p=0.8825, T->C p=0.0736
2025-06-30 20:45:00,808 - INFO - Confounder validation for BB_Position_lag_1: Valid=False, C->T p=0.9265, T->C p=0.1980
2025-06-30 20:45:00,953 - INFO - Confounder validation for Daily_Return_lag_5: Valid=False, C->T p=0.5125, T->C p=0.3507
2025-06-30 20:45:01,120 - INFO - Confounder validation for Daily_Return_lag_1: Valid=False, C->T p=0.8455, T->C p=0.5836
2025-06-30 20:45:01,289 - INFO - Confounder validation for Daily_Return_lag_3: Valid=False, C->T p=0.6450, T->C p=0.1924
2025-06-30 20:45:01,448 - INFO - Confounder validation for Daily_Return_lag_2: Valid=False, C->T p=0.5836, T->C p=0.1521
2025-06-30 20:45:01,605 - INFO - Confounder validation for Volume_Ratio_lag_1: Valid=False, C->T p=0.0438, T->C p=0.0000
2025-06-30 20:45:01,608 - INFO - Model to find the causal effect of treatment ['CPI_lag_5'] on outcome ['Target_Direction']
2025-06-30 20:45:01,610 - INFO - Causal effect can be identified.
2025-06-30 20:45:01,611 - INFO - Instrumental variables for treatment and outcome:[]
2025-06-30 20:45:01,612 - INFO - Frontdoor variables for treatment and outcome:[]
2025-06-30 20:45:01,612 - INFO - linear_regression
2025-06-30 20:45:01,613 - INFO - INFO: Using Linear Regression Estimator
2025-06-30 20:45:01,614 - INFO - b: Target_Direction~CPI_lag_5+CPI_lag_1
2025-06-30 20:45:01,641 - INFO - DoWhy estimate for CPI_lag_5 using backdoor.linear_regression: -0.0304
2025-06-30 20:45:01,641 - INFO - generalized_linear_model
2025-06-30 20:45:01,641 - INFO - INFO: Using Generalized Linear Model Estimator
2025-06-30 20:45:01,648 - INFO - b: Target_Direction~Sigmoid(CPI_lag_5+CPI_lag_1)
2025-06-30 20:45:01,679 - INFO - DoWhy estimate for CPI_lag_5 using backdoor.generalized_linear_model: -0.0000
2025-06-30 20:45:01,688 - INFO - Model to find the causal effect of treatment ['CPI_lag_5_placebo'] on outcome ['Target_Direction']
2025-06-30 20:45:01,688 - WARNING - There are an additional 1 variables in the dataset that are not in the graph. Variable names are: '['CPI_lag_5']'
2025-06-30 20:45:01,689 - INFO - Causal effect can be identified.
2025-06-30 20:45:01,691 - INFO - Instrumental variables for treatment and outcome:[]
2025-06-30 20:45:01,691 - INFO - Frontdoor variables for treatment and outcome:[]
2025-06-30 20:45:01,692 - INFO - linear_regression
2025-06-30 20:45:01,692 - INFO - INFO: Using Linear Regression Estimator
2025-06-30 20:45:01,694 - INFO - b: Target_Direction~CPI_lag_5_placebo+CPI_lag_1
2025-06-30 20:45:01,724 - INFO - Placebo test for CPI_lag_5: 0.0010
2025-06-30 20:45:01,724 - ERROR - 'MockEstimate' object has no attribute 'estimator'
2025-06-30 20:45:01,724 - INFO - Refutation over 100 simulated datasets, each with a random common cause added
2025-06-30 20:45:01,727 - ERROR - Random common cause test failed for CPI_lag_5: 'MockEstimate' object has no attribute 'estimator'
2025-06-30 20:45:01,728 - INFO - Analyzing causal effect of UnemploymentRate_lag_10 on Target_Direction
2025-06-30 20:45:01,903 - INFO - Confounder validation for GBP_USD_lag_5: Valid=False, C->T p=0.0000, T->C p=0.0000
2025-06-30 20:45:02,068 - INFO - Confounder validation for CPI_lag_1: Valid=False, C->T p=0.0000, T->C p=0.0028
2025-06-30 20:45:02,220 - INFO - Confounder validation for CPI_lag_10: Valid=False, C->T p=0.0000, T->C p=0.0029
2025-06-30 20:45:02,380 - INFO - Confounder validation for CPI_lag_5: Valid=False, C->T p=0.0000, T->C p=0.0028
2025-06-30 20:45:02,548 - INFO - Confounder validation for Rate_lag_1_diff: Valid=False, C->T p=0.2286, T->C p=0.0000
2025-06-30 20:45:02,719 - INFO - Confounder validation for UnemploymentRate_lag_1: Valid=True, C->T p=0.0000, T->C p=0.9912
2025-06-30 20:45:02,885 - INFO - Confounder validation for GBP_USD_lag_1: Valid=False, C->T p=0.0001, T->C p=0.0000
2025-06-30 20:45:03,036 - INFO - Confounder validation for CPI_lag_20: Valid=False, C->T p=0.0000, T->C p=0.0027
2025-06-30 20:45:03,198 - INFO - Confounder validation for UnemploymentRate_lag_5: Valid=True, C->T p=0.0000, T->C p=0.9932
2025-06-30 20:45:03,344 - INFO - Confounder validation for Rate_lag_20_diff: Valid=False, C->T p=0.1859, T->C p=0.0000
2025-06-30 20:45:03,486 - INFO - Confounder validation for UnemploymentRate_lag_20: Valid=False, C->T p=0.0955, T->C p=0.0000
2025-06-30 20:45:03,656 - INFO - Confounder validation for GBP_USD_lag_10: Valid=False, C->T p=0.0000, T->C p=0.0000
2025-06-30 20:45:03,819 - INFO - Confounder validation for Rate_lag_5_diff: Valid=False, C->T p=0.0000, T->C p=0.0000
2025-06-30 20:45:03,970 - INFO - Confounder validation for GBP_USD_lag_20: Valid=False, C->T p=0.0000, T->C p=0.0000
2025-06-30 20:45:04,147 - INFO - Confounder validation for BB_Position_lag_5: Valid=False, C->T p=0.1266, T->C p=0.4581
2025-06-30 20:45:04,306 - INFO - Confounder validation for BB_Position_lag_3: Valid=False, C->T p=0.0728, T->C p=0.2058
2025-06-30 20:45:04,463 - INFO - Confounder validation for RSI_14_lag_1: Valid=False, C->T p=0.0075, T->C p=0.0328
2025-06-30 20:45:04,644 - INFO - Confounder validation for RSI_14_lag_3: Valid=True, C->T p=0.0295, T->C p=0.0814
2025-06-30 20:45:04,803 - INFO - Confounder validation for RSI_14_lag_5: Valid=True, C->T p=0.0400, T->C p=0.1677
2025-06-30 20:45:04,960 - INFO - Confounder validation for BB_Position_lag_1: Valid=True, C->T p=0.0299, T->C p=0.0512
2025-06-30 20:45:05,118 - INFO - Confounder validation for Daily_Return_lag_5: Valid=False, C->T p=0.3854, T->C p=0.0848
2025-06-30 20:45:05,287 - INFO - Confounder validation for Daily_Return_lag_1: Valid=True, C->T p=0.0261, T->C p=0.0845
2025-06-30 20:45:05,464 - INFO - Confounder validation for Daily_Return_lag_3: Valid=False, C->T p=0.7249, T->C p=0.0197
2025-06-30 20:45:05,599 - INFO - Confounder validation for Daily_Return_lag_2: Valid=False, C->T p=0.8075, T->C p=0.3005
2025-06-30 20:45:05,770 - INFO - Confounder validation for Volume_Ratio_lag_1: Valid=False, C->T p=0.0344, T->C p=0.0009
2025-06-30 20:45:05,776 - INFO - Model to find the causal effect of treatment ['UnemploymentRate_lag_10'] on outcome ['Target_Direction']
2025-06-30 20:45:05,795 - INFO - Causal effect can be identified.
2025-06-30 20:45:05,803 - INFO - Instrumental variables for treatment and outcome:[]
2025-06-30 20:45:05,804 - INFO - Frontdoor variables for treatment and outcome:[]
2025-06-30 20:45:05,804 - INFO - linear_regression
2025-06-30 20:45:05,805 - INFO - INFO: Using Linear Regression Estimator
2025-06-30 20:45:05,805 - INFO - b: Target_Direction~UnemploymentRate_lag_10+RSI_14_lag_5+RSI_14_lag_3+UnemploymentRate_lag_5+Daily_Return_lag_1+BB_Position_lag_1+UnemploymentRate_lag_1
2025-06-30 20:45:05,829 - INFO - DoWhy estimate for UnemploymentRate_lag_10 using backdoor.linear_regression: 0.0443
2025-06-30 20:45:05,829 - INFO - generalized_linear_model
2025-06-30 20:45:05,832 - INFO - INFO: Using Generalized Linear Model Estimator
2025-06-30 20:45:05,833 - INFO - b: Target_Direction~Sigmoid(UnemploymentRate_lag_10+RSI_14_lag_5+RSI_14_lag_3+UnemploymentRate_lag_5+Daily_Return_lag_1+BB_Position_lag_1+UnemploymentRate_lag_1)
2025-06-30 20:45:05,870 - INFO - DoWhy estimate for UnemploymentRate_lag_10 using backdoor.generalized_linear_model: 0.0396
2025-06-30 20:45:05,872 - INFO - Model to find the causal effect of treatment ['UnemploymentRate_lag_10_placebo'] on outcome ['Target_Direction']
2025-06-30 20:45:05,872 - WARNING - There are an additional 1 variables in the dataset that are not in the graph. Variable names are: '['UnemploymentRate_lag_10']'
2025-06-30 20:45:05,891 - INFO - Causal effect can be identified.
2025-06-30 20:45:05,895 - INFO - Instrumental variables for treatment and outcome:[]
2025-06-30 20:45:05,896 - INFO - Frontdoor variables for treatment and outcome:[]
2025-06-30 20:45:05,896 - INFO - linear_regression
2025-06-30 20:45:05,896 - INFO - INFO: Using Linear Regression Estimator
2025-06-30 20:45:05,898 - INFO - b: Target_Direction~UnemploymentRate_lag_10_placebo+RSI_14_lag_5+RSI_14_lag_3+UnemploymentRate_lag_5+Daily_Return_lag_1+BB_Position_lag_1+UnemploymentRate_lag_1
2025-06-30 20:45:05,928 - INFO - Placebo test for UnemploymentRate_lag_10: -0.0099
2025-06-30 20:45:05,928 - ERROR - 'MockEstimate' object has no attribute 'estimator'
2025-06-30 20:45:05,928 - INFO - Refutation over 100 simulated datasets, each with a random common cause added
2025-06-30 20:45:05,932 - ERROR - Random common cause test failed for UnemploymentRate_lag_10: 'MockEstimate' object has no attribute 'estimator'
2025-06-30 20:45:05,932 - INFO - Analyzing causal effect of Daily_Return_lag_5 on Target_Direction
2025-06-30 20:45:06,133 - INFO - Confounder validation for GBP_USD_lag_5: Valid=False, C->T p=0.0008, T->C p=0.0000
2025-06-30 20:45:06,317 - INFO - Confounder validation for CPI_lag_1: Valid=False, C->T p=0.1092, T->C p=0.3110
2025-06-30 20:45:06,492 - INFO - Confounder validation for CPI_lag_10: Valid=False, C->T p=0.4025, T->C p=0.1494
2025-06-30 20:45:06,650 - INFO - Confounder validation for CPI_lag_5: Valid=False, C->T p=0.3507, T->C p=0.5125
2025-06-30 20:45:06,818 - INFO - Confounder validation for UnemploymentRate_lag_10: Valid=False, C->T p=0.0848, T->C p=0.3854
2025-06-30 20:45:06,983 - INFO - Confounder validation for Rate_lag_1_diff: Valid=True, C->T p=0.0000, T->C p=0.1481
2025-06-30 20:45:07,148 - INFO - Confounder validation for UnemploymentRate_lag_1: Valid=False, C->T p=0.2132, T->C p=0.0060
2025-06-30 20:45:07,299 - INFO - Confounder validation for GBP_USD_lag_1: Valid=True, C->T p=0.0000, T->C p=0.0713
2025-06-30 20:45:07,456 - INFO - Confounder validation for CPI_lag_20: Valid=True, C->T p=0.0376, T->C p=0.2490
2025-06-30 20:45:07,603 - INFO - Confounder validation for UnemploymentRate_lag_5: Valid=False, C->T p=0.1619, T->C p=0.0219
2025-06-30 20:45:07,760 - INFO - Confounder validation for Rate_lag_20_diff: Valid=False, C->T p=0.2112, T->C p=0.0069
2025-06-30 20:45:07,930 - INFO - Confounder validation for UnemploymentRate_lag_20: Valid=False, C->T p=0.2747, T->C p=0.0193
2025-06-30 20:45:08,098 - INFO - Confounder validation for GBP_USD_lag_10: Valid=False, C->T p=0.0010, T->C p=0.0000
2025-06-30 20:45:08,254 - INFO - Confounder validation for Rate_lag_5_diff: Valid=False, C->T p=0.0000, T->C p=0.0000
2025-06-30 20:45:08,415 - INFO - Confounder validation for GBP_USD_lag_20: Valid=False, C->T p=0.1772, T->C p=0.0255
2025-06-30 20:45:08,581 - INFO - Confounder validation for BB_Position_lag_5: Valid=False, C->T p=0.1028, T->C p=0.0003
2025-06-30 20:45:08,736 - INFO - Confounder validation for BB_Position_lag_3: Valid=False, C->T p=0.0000, T->C p=0.0006
2025-06-30 20:45:08,884 - INFO - Confounder validation for RSI_14_lag_1: Valid=True, C->T p=0.0000, T->C p=0.0632
2025-06-30 20:45:09,070 - INFO - Confounder validation for RSI_14_lag_3: Valid=True, C->T p=0.0000, T->C p=0.1168
2025-06-30 20:45:09,236 - INFO - Confounder validation for RSI_14_lag_5: Valid=False, C->T p=0.0566, T->C p=0.1856
2025-06-30 20:45:09,384 - INFO - Confounder validation for BB_Position_lag_1: Valid=False, C->T p=0.0000, T->C p=0.0007
2025-06-30 20:45:09,558 - INFO - Confounder validation for Daily_Return_lag_1: Valid=False, C->T p=0.0000, T->C p=0.0000
2025-06-30 20:45:09,717 - INFO - Confounder validation for Daily_Return_lag_3: Valid=True, C->T p=0.0000, T->C p=0.0857
2025-06-30 20:45:09,883 - INFO - Confounder validation for Daily_Return_lag_2: Valid=False, C->T p=0.0000, T->C p=0.0000
2025-06-30 20:45:10,095 - INFO - Confounder validation for Volume_Ratio_lag_1: Valid=True, C->T p=0.0000, T->C p=0.0601
2025-06-30 20:45:10,101 - INFO - Model to find the causal effect of treatment ['Daily_Return_lag_5'] on outcome ['Target_Direction']
2025-06-30 20:45:10,148 - INFO - Causal effect can be identified.
2025-06-30 20:45:10,150 - INFO - Instrumental variables for treatment and outcome:[]
2025-06-30 20:45:10,150 - INFO - Frontdoor variables for treatment and outcome:[]
2025-06-30 20:45:10,150 - INFO - linear_regression
2025-06-30 20:45:10,151 - INFO - INFO: Using Linear Regression Estimator
2025-06-30 20:45:10,153 - INFO - b: Target_Direction~Daily_Return_lag_5+Rate_lag_1_diff+Daily_Return_lag_3+CPI_lag_20+Volume_Ratio_lag_1+RSI_14_lag_3+GBP_USD_lag_1+RSI_14_lag_1
2025-06-30 20:45:10,182 - INFO - DoWhy estimate for Daily_Return_lag_5 using backdoor.linear_regression: -0.1594
2025-06-30 20:45:10,182 - INFO - generalized_linear_model
2025-06-30 20:45:10,184 - INFO - INFO: Using Generalized Linear Model Estimator
2025-06-30 20:45:10,186 - INFO - b: Target_Direction~Sigmoid(Daily_Return_lag_5+Rate_lag_1_diff+Daily_Return_lag_3+CPI_lag_20+Volume_Ratio_lag_1+RSI_14_lag_3+GBP_USD_lag_1+RSI_14_lag_1)
2025-06-30 20:45:10,223 - INFO - DoWhy estimate for Daily_Return_lag_5 using backdoor.generalized_linear_model: -0.1547
2025-06-30 20:45:10,223 - INFO - Model to find the causal effect of treatment ['Daily_Return_lag_5_placebo'] on outcome ['Target_Direction']
2025-06-30 20:45:10,231 - WARNING - There are an additional 1 variables in the dataset that are not in the graph. Variable names are: '['Daily_Return_lag_5']'
2025-06-30 20:45:10,270 - INFO - Causal effect can be identified.
2025-06-30 20:45:10,281 - INFO - Instrumental variables for treatment and outcome:[]
2025-06-30 20:45:10,281 - INFO - Frontdoor variables for treatment and outcome:[]
2025-06-30 20:45:10,281 - INFO - linear_regression
2025-06-30 20:45:10,281 - INFO - INFO: Using Linear Regression Estimator
2025-06-30 20:45:10,285 - INFO - b: Target_Direction~Daily_Return_lag_5_placebo+Rate_lag_1_diff+Daily_Return_lag_3+CPI_lag_20+Volume_Ratio_lag_1+RSI_14_lag_3+GBP_USD_lag_1+RSI_14_lag_1
2025-06-30 20:45:10,305 - INFO - Placebo test for Daily_Return_lag_5: 0.0077
2025-06-30 20:45:10,305 - ERROR - 'MockEstimate' object has no attribute 'estimator'
2025-06-30 20:45:10,317 - INFO - Refutation over 100 simulated datasets, each with a random common cause added
2025-06-30 20:45:10,320 - ERROR - Random common cause test failed for Daily_Return_lag_5: 'MockEstimate' object has no attribute 'estimator'
2025-06-30 20:45:10,321 - INFO - Analyzing causal effect of Rate_lag_1_diff on Target_Direction
2025-06-30 20:45:10,502 - INFO - Confounder validation for GBP_USD_lag_5: Valid=False, C->T p=0.0000, T->C p=0.0000
2025-06-30 20:45:10,669 - INFO - Confounder validation for CPI_lag_1: Valid=False, C->T p=0.0724, T->C p=0.9126
2025-06-30 20:45:10,841 - INFO - Confounder validation for CPI_lag_10: Valid=True, C->T p=0.0000, T->C p=0.9126
2025-06-30 20:45:10,984 - INFO - Confounder validation for CPI_lag_5: Valid=True, C->T p=0.0000, T->C p=0.0689
2025-06-30 20:45:11,151 - INFO - Confounder validation for UnemploymentRate_lag_10: Valid=True, C->T p=0.0000, T->C p=0.2286
2025-06-30 20:45:11,318 - INFO - Confounder validation for UnemploymentRate_lag_1: Valid=True, C->T p=0.0024, T->C p=0.8177
2025-06-30 20:45:11,496 - INFO - Confounder validation for GBP_USD_lag_1: Valid=False, C->T p=0.3094, T->C p=0.0000
2025-06-30 20:45:11,653 - INFO - Confounder validation for CPI_lag_20: Valid=True, C->T p=0.0000, T->C p=0.9139
2025-06-30 20:45:11,802 - INFO - Confounder validation for UnemploymentRate_lag_5: Valid=False, C->T p=0.0000, T->C p=0.0000
2025-06-30 20:45:11,964 - INFO - Confounder validation for Rate_lag_20_diff: Valid=False, C->T p=0.7788, T->C p=0.7788
2025-06-30 20:45:12,119 - INFO - Confounder validation for UnemploymentRate_lag_20: Valid=True, C->T p=0.0000, T->C p=0.0668
2025-06-30 20:45:12,309 - INFO - Confounder validation for GBP_USD_lag_10: Valid=False, C->T p=0.0000, T->C p=0.0031
2025-06-30 20:45:12,418 - ERROR - Error testing Granger causality Rate_lag_1_diff -> Rate_lag_5_diff: The Granger causality test statistic cannot be compute because the VAR has a perfect fit of the data.
2025-06-30 20:45:12,418 - INFO - Confounder validation for Rate_lag_5_diff: Valid=True, C->T p=0.0248, T->C p=1.0000
2025-06-30 20:45:12,567 - INFO - Confounder validation for GBP_USD_lag_20: Valid=False, C->T p=0.0000, T->C p=0.0005
2025-06-30 20:45:12,719 - INFO - Confounder validation for BB_Position_lag_5: Valid=False, C->T p=0.3456, T->C p=0.0011
2025-06-30 20:45:12,883 - INFO - Confounder validation for BB_Position_lag_3: Valid=False, C->T p=0.2314, T->C p=0.0512
2025-06-30 20:45:13,041 - INFO - Confounder validation for RSI_14_lag_1: Valid=False, C->T p=0.3806, T->C p=0.0149
2025-06-30 20:45:13,197 - INFO - Confounder validation for RSI_14_lag_3: Valid=False, C->T p=0.1563, T->C p=0.0399
2025-06-30 20:45:13,351 - INFO - Confounder validation for RSI_14_lag_5: Valid=False, C->T p=0.7138, T->C p=0.0013
2025-06-30 20:45:13,529 - INFO - Confounder validation for BB_Position_lag_1: Valid=False, C->T p=0.3082, T->C p=0.1748
2025-06-30 20:45:13,686 - INFO - Confounder validation for Daily_Return_lag_5: Valid=False, C->T p=0.1481, T->C p=0.0000
2025-06-30 20:45:13,850 - INFO - Confounder validation for Daily_Return_lag_1: Valid=False, C->T p=0.0468, T->C p=0.0058
2025-06-30 20:45:13,999 - INFO - Confounder validation for Daily_Return_lag_3: Valid=False, C->T p=0.0040, T->C p=0.0000
2025-06-30 20:45:14,179 - INFO - Confounder validation for Daily_Return_lag_2: Valid=False, C->T p=0.0000, T->C p=0.0000
2025-06-30 20:45:14,343 - INFO - Confounder validation for Volume_Ratio_lag_1: Valid=False, C->T p=0.1163, T->C p=0.6127
2025-06-30 20:45:14,349 - INFO - Model to find the causal effect of treatment ['Rate_lag_1_diff'] on outcome ['Target_Direction']
2025-06-30 20:45:14,386 - INFO - Causal effect can be identified.
2025-06-30 20:45:14,388 - INFO - Instrumental variables for treatment and outcome:[]
2025-06-30 20:45:14,388 - INFO - Frontdoor variables for treatment and outcome:[]
2025-06-30 20:45:14,389 - INFO - linear_regression
2025-06-30 20:45:14,389 - INFO - INFO: Using Linear Regression Estimator
2025-06-30 20:45:14,390 - INFO - b: Target_Direction~Rate_lag_1_diff+CPI_lag_10+UnemploymentRate_lag_10+Rate_lag_5_diff+CPI_lag_20+CPI_lag_5+UnemploymentRate_lag_20+UnemploymentRate_lag_1
2025-06-30 20:45:14,410 - INFO - DoWhy estimate for Rate_lag_1_diff using backdoor.linear_regression: -0.1254
2025-06-30 20:45:14,417 - INFO - generalized_linear_model
2025-06-30 20:45:14,417 - INFO - INFO: Using Generalized Linear Model Estimator
2025-06-30 20:45:14,420 - INFO - b: Target_Direction~Sigmoid(Rate_lag_1_diff+CPI_lag_10+UnemploymentRate_lag_10+Rate_lag_5_diff+CPI_lag_20+CPI_lag_5+UnemploymentRate_lag_20+UnemploymentRate_lag_1)
2025-06-30 20:45:14,455 - INFO - DoWhy estimate for Rate_lag_1_diff using backdoor.generalized_linear_model: -0.1233
2025-06-30 20:45:14,455 - INFO - Model to find the causal effect of treatment ['Rate_lag_1_diff_placebo'] on outcome ['Target_Direction']
2025-06-30 20:45:14,455 - WARNING - There are an additional 1 variables in the dataset that are not in the graph. Variable names are: '['Rate_lag_1_diff']'
2025-06-30 20:45:14,503 - INFO - Causal effect can be identified.
2025-06-30 20:45:14,509 - INFO - Instrumental variables for treatment and outcome:[]
2025-06-30 20:45:14,509 - INFO - Frontdoor variables for treatment and outcome:[]
2025-06-30 20:45:14,509 - INFO - linear_regression
2025-06-30 20:45:14,509 - INFO - INFO: Using Linear Regression Estimator
2025-06-30 20:45:14,509 - INFO - b: Target_Direction~Rate_lag_1_diff_placebo+CPI_lag_10+UnemploymentRate_lag_10+Rate_lag_5_diff+CPI_lag_20+CPI_lag_5+UnemploymentRate_lag_20+UnemploymentRate_lag_1
2025-06-30 20:45:14,536 - INFO - Placebo test for Rate_lag_1_diff: 0.0453
2025-06-30 20:45:14,537 - ERROR - 'MockEstimate' object has no attribute 'estimator'
2025-06-30 20:45:14,537 - INFO - Refutation over 100 simulated datasets, each with a random common cause added
2025-06-30 20:45:14,540 - ERROR - Random common cause test failed for Rate_lag_1_diff: 'MockEstimate' object has no attribute 'estimator'
2025-06-30 20:45:14,541 - INFO - Analyzing causal effect of Rate_lag_1_diff on Target_Direction
2025-06-30 20:45:14,716 - INFO - Confounder validation for GBP_USD_lag_5: Valid=False, C->T p=0.0000, T->C p=0.0000
2025-06-30 20:45:14,910 - INFO - Confounder validation for CPI_lag_1: Valid=False, C->T p=0.0724, T->C p=0.9126
2025-06-30 20:45:15,067 - INFO - Confounder validation for CPI_lag_10: Valid=True, C->T p=0.0000, T->C p=0.9126
2025-06-30 20:45:15,224 - INFO - Confounder validation for CPI_lag_5: Valid=True, C->T p=0.0000, T->C p=0.0689
2025-06-30 20:45:15,381 - INFO - Confounder validation for UnemploymentRate_lag_10: Valid=True, C->T p=0.0000, T->C p=0.2286
2025-06-30 20:45:15,548 - INFO - Confounder validation for UnemploymentRate_lag_1: Valid=True, C->T p=0.0024, T->C p=0.8177
2025-06-30 20:45:15,693 - INFO - Confounder validation for GBP_USD_lag_1: Valid=False, C->T p=0.3094, T->C p=0.0000
2025-06-30 20:45:15,851 - INFO - Confounder validation for CPI_lag_20: Valid=True, C->T p=0.0000, T->C p=0.9139
2025-06-30 20:45:15,999 - INFO - Confounder validation for UnemploymentRate_lag_5: Valid=False, C->T p=0.0000, T->C p=0.0000
2025-06-30 20:45:16,173 - INFO - Confounder validation for Rate_lag_20_diff: Valid=False, C->T p=0.7788, T->C p=0.7788
2025-06-30 20:45:16,327 - INFO - Confounder validation for UnemploymentRate_lag_20: Valid=True, C->T p=0.0000, T->C p=0.0668
2025-06-30 20:45:16,515 - INFO - Confounder validation for GBP_USD_lag_10: Valid=False, C->T p=0.0000, T->C p=0.0031
2025-06-30 20:45:16,650 - ERROR - Error testing Granger causality Rate_lag_1_diff -> Rate_lag_5_diff: The Granger causality test statistic cannot be compute because the VAR has a perfect fit of the data.
2025-06-30 20:45:16,650 - INFO - Confounder validation for Rate_lag_5_diff: Valid=True, C->T p=0.0248, T->C p=1.0000
2025-06-30 20:45:16,799 - INFO - Confounder validation for GBP_USD_lag_20: Valid=False, C->T p=0.0000, T->C p=0.0005
2025-06-30 20:45:16,969 - INFO - Confounder validation for BB_Position_lag_5: Valid=False, C->T p=0.3456, T->C p=0.0011
2025-06-30 20:45:17,129 - INFO - Confounder validation for BB_Position_lag_3: Valid=False, C->T p=0.2314, T->C p=0.0512
2025-06-30 20:45:17,306 - INFO - Confounder validation for RSI_14_lag_1: Valid=False, C->T p=0.3806, T->C p=0.0149
2025-06-30 20:45:17,472 - INFO - Confounder validation for RSI_14_lag_3: Valid=False, C->T p=0.1563, T->C p=0.0399
2025-06-30 20:45:17,666 - INFO - Confounder validation for RSI_14_lag_5: Valid=False, C->T p=0.7138, T->C p=0.0013
2025-06-30 20:45:17,835 - INFO - Confounder validation for BB_Position_lag_1: Valid=False, C->T p=0.3082, T->C p=0.1748
2025-06-30 20:45:18,008 - INFO - Confounder validation for Daily_Return_lag_5: Valid=False, C->T p=0.1481, T->C p=0.0000
2025-06-30 20:45:18,170 - INFO - Confounder validation for Daily_Return_lag_1: Valid=False, C->T p=0.0468, T->C p=0.0058
2025-06-30 20:45:18,332 - INFO - Confounder validation for Daily_Return_lag_3: Valid=False, C->T p=0.0040, T->C p=0.0000
2025-06-30 20:45:18,483 - INFO - Confounder validation for Daily_Return_lag_2: Valid=False, C->T p=0.0000, T->C p=0.0000
2025-06-30 20:45:18,649 - INFO - Confounder validation for Volume_Ratio_lag_1: Valid=False, C->T p=0.1163, T->C p=0.6127
2025-06-30 20:45:18,655 - INFO - Model to find the causal effect of treatment ['Rate_lag_1_diff'] on outcome ['Target_Direction']
2025-06-30 20:45:18,702 - INFO - Causal effect can be identified.
2025-06-30 20:45:18,702 - INFO - Instrumental variables for treatment and outcome:[]
2025-06-30 20:45:18,702 - INFO - Frontdoor variables for treatment and outcome:[]
2025-06-30 20:45:18,702 - INFO - linear_regression
2025-06-30 20:45:18,702 - INFO - INFO: Using Linear Regression Estimator
2025-06-30 20:45:18,702 - INFO - b: Target_Direction~Rate_lag_1_diff+CPI_lag_10+UnemploymentRate_lag_10+Rate_lag_5_diff+CPI_lag_20+CPI_lag_5+UnemploymentRate_lag_20+UnemploymentRate_lag_1
2025-06-30 20:45:18,738 - INFO - DoWhy estimate for Rate_lag_1_diff using backdoor.linear_regression: -0.1254
2025-06-30 20:45:18,739 - INFO - generalized_linear_model
2025-06-30 20:45:18,739 - INFO - INFO: Using Generalized Linear Model Estimator
2025-06-30 20:45:18,741 - INFO - b: Target_Direction~Sigmoid(Rate_lag_1_diff+CPI_lag_10+UnemploymentRate_lag_10+Rate_lag_5_diff+CPI_lag_20+CPI_lag_5+UnemploymentRate_lag_20+UnemploymentRate_lag_1)
2025-06-30 20:45:18,776 - INFO - DoWhy estimate for Rate_lag_1_diff using backdoor.generalized_linear_model: -0.1233
2025-06-30 20:45:18,785 - INFO - Model to find the causal effect of treatment ['Rate_lag_1_diff_placebo'] on outcome ['Target_Direction']
2025-06-30 20:45:18,785 - WARNING - There are an additional 1 variables in the dataset that are not in the graph. Variable names are: '['Rate_lag_1_diff']'
2025-06-30 20:45:18,825 - INFO - Causal effect can be identified.
2025-06-30 20:45:18,833 - INFO - Instrumental variables for treatment and outcome:[]
2025-06-30 20:45:18,833 - INFO - Frontdoor variables for treatment and outcome:[]
2025-06-30 20:45:18,834 - INFO - linear_regression
2025-06-30 20:45:18,834 - INFO - INFO: Using Linear Regression Estimator
2025-06-30 20:45:18,835 - INFO - b: Target_Direction~Rate_lag_1_diff_placebo+CPI_lag_10+UnemploymentRate_lag_10+Rate_lag_5_diff+CPI_lag_20+CPI_lag_5+UnemploymentRate_lag_20+UnemploymentRate_lag_1
2025-06-30 20:45:18,863 - INFO - Placebo test for Rate_lag_1_diff: -0.0225
2025-06-30 20:45:18,863 - ERROR - 'MockEstimate' object has no attribute 'estimator'
2025-06-30 20:45:18,865 - INFO - Refutation over 100 simulated datasets, each with a random common cause added
2025-06-30 20:45:18,868 - ERROR - Random common cause test failed for Rate_lag_1_diff: 'MockEstimate' object has no attribute 'estimator'
2025-06-30 20:45:18,868 - INFO - Analyzing causal effect of Daily_Return_lag_1 on Target_Direction
2025-06-30 20:45:19,037 - INFO - Confounder validation for GBP_USD_lag_5: Valid=False, C->T p=0.0012, T->C p=0.0000
2025-06-30 20:45:19,212 - INFO - Confounder validation for CPI_lag_1: Valid=False, C->T p=0.3556, T->C p=0.3052
2025-06-30 20:45:19,366 - INFO - Confounder validation for CPI_lag_10: Valid=False, C->T p=0.4393, T->C p=0.6263
2025-06-30 20:45:19,529 - INFO - Confounder validation for CPI_lag_5: Valid=False, C->T p=0.5836, T->C p=0.8455
2025-06-30 20:45:19,692 - INFO - Confounder validation for UnemploymentRate_lag_10: Valid=False, C->T p=0.0845, T->C p=0.0261
2025-06-30 20:45:19,850 - INFO - Confounder validation for Rate_lag_1_diff: Valid=False, C->T p=0.0058, T->C p=0.0468
2025-06-30 20:45:20,021 - INFO - Confounder validation for UnemploymentRate_lag_1: Valid=False, C->T p=0.1645, T->C p=0.0135
2025-06-30 20:45:20,181 - INFO - Confounder validation for GBP_USD_lag_1: Valid=False, C->T p=0.0008, T->C p=0.0000
2025-06-30 20:45:20,341 - INFO - Confounder validation for CPI_lag_20: Valid=False, C->T p=0.7885, T->C p=0.7544
2025-06-30 20:45:20,500 - INFO - Confounder validation for UnemploymentRate_lag_5: Valid=False, C->T p=0.1475, T->C p=0.3053
2025-06-30 20:45:20,649 - INFO - Confounder validation for Rate_lag_20_diff: Valid=False, C->T p=0.1345, T->C p=0.1962
2025-06-30 20:45:20,809 - INFO - Confounder validation for UnemploymentRate_lag_20: Valid=False, C->T p=0.9160, T->C p=0.0317
2025-06-30 20:45:20,964 - INFO - Confounder validation for GBP_USD_lag_10: Valid=False, C->T p=0.2205, T->C p=0.0005
2025-06-30 20:45:21,132 - INFO - Confounder validation for Rate_lag_5_diff: Valid=False, C->T p=0.0353, T->C p=0.0000
2025-06-30 20:45:21,296 - INFO - Confounder validation for GBP_USD_lag_20: Valid=False, C->T p=0.1020, T->C p=0.3916
2025-06-30 20:45:21,543 - INFO - Confounder validation for BB_Position_lag_5: Valid=False, C->T p=0.0331, T->C p=0.0000
2025-06-30 20:45:21,726 - INFO - Confounder validation for BB_Position_lag_3: Valid=False, C->T p=0.0366, T->C p=0.0000
2025-06-30 20:45:21,881 - INFO - Confounder validation for RSI_14_lag_1: Valid=False, C->T p=0.0527, T->C p=0.1502
2025-06-30 20:45:22,056 - INFO - Confounder validation for RSI_14_lag_3: Valid=False, C->T p=0.0142, T->C p=0.0000
2025-06-30 20:45:22,210 - INFO - Confounder validation for RSI_14_lag_5: Valid=False, C->T p=0.0118, T->C p=0.0000
2025-06-30 20:45:22,384 - INFO - Confounder validation for BB_Position_lag_1: Valid=False, C->T p=0.0962, T->C p=0.0002
2025-06-30 20:45:22,531 - INFO - Confounder validation for Daily_Return_lag_5: Valid=False, C->T p=0.0000, T->C p=0.0000
2025-06-30 20:45:22,689 - INFO - Confounder validation for Daily_Return_lag_3: Valid=False, C->T p=0.0896, T->C p=0.0000
2025-06-30 20:45:22,848 - INFO - Confounder validation for Daily_Return_lag_2: Valid=False, C->T p=0.3578, T->C p=0.0000
2025-06-30 20:45:23,025 - INFO - Confounder validation for Volume_Ratio_lag_1: Valid=False, C->T p=0.0655, T->C p=0.0002
2025-06-30 20:45:23,025 - WARNING - No valid confounders found for Daily_Return_lag_1
2025-06-30 20:45:23,027 - INFO - Analyzing causal effect of Daily_Return_lag_3 on Target_Direction
2025-06-30 20:45:23,221 - INFO - Confounder validation for GBP_USD_lag_5: Valid=False, C->T p=0.2760, T->C p=0.0000
2025-06-30 20:45:23,398 - INFO - Confounder validation for CPI_lag_1: Valid=False, C->T p=0.1946, T->C p=0.3943
2025-06-30 20:45:23,564 - INFO - Confounder validation for CPI_lag_10: Valid=False, C->T p=0.9018, T->C p=0.4076
2025-06-30 20:45:23,714 - INFO - Confounder validation for CPI_lag_5: Valid=False, C->T p=0.1924, T->C p=0.6450
2025-06-30 20:45:23,882 - INFO - Confounder validation for UnemploymentRate_lag_10: Valid=True, C->T p=0.0197, T->C p=0.7249
2025-06-30 20:45:24,045 - INFO - Confounder validation for Rate_lag_1_diff: Valid=False, C->T p=0.0000, T->C p=0.0040
2025-06-30 20:45:24,181 - INFO - Confounder validation for UnemploymentRate_lag_1: Valid=False, C->T p=0.7268, T->C p=0.0987
2025-06-30 20:45:24,377 - INFO - Confounder validation for GBP_USD_lag_1: Valid=False, C->T p=0.0000, T->C p=0.0068
2025-06-30 20:45:24,546 - INFO - Confounder validation for CPI_lag_20: Valid=True, C->T p=0.0491, T->C p=0.3629
2025-06-30 20:45:24,697 - INFO - Confounder validation for UnemploymentRate_lag_5: Valid=False, C->T p=0.0572, T->C p=0.0628
2025-06-30 20:45:24,864 - INFO - Confounder validation for Rate_lag_20_diff: Valid=False, C->T p=0.1896, T->C p=0.0614
2025-06-30 20:45:25,018 - INFO - Confounder validation for UnemploymentRate_lag_20: Valid=False, C->T p=0.6499, T->C p=0.3390
2025-06-30 20:45:25,176 - INFO - Confounder validation for GBP_USD_lag_10: Valid=False, C->T p=0.5338, T->C p=0.0002
2025-06-30 20:45:25,336 - INFO - Confounder validation for Rate_lag_5_diff: Valid=False, C->T p=0.0169, T->C p=0.0000
2025-06-30 20:45:25,502 - INFO - Confounder validation for GBP_USD_lag_20: Valid=False, C->T p=0.0894, T->C p=0.1714
2025-06-30 20:45:25,660 - INFO - Confounder validation for BB_Position_lag_5: Valid=False, C->T p=0.0387, T->C p=0.0000
2025-06-30 20:45:25,808 - INFO - Confounder validation for BB_Position_lag_3: Valid=False, C->T p=0.0987, T->C p=0.0002
2025-06-30 20:45:25,982 - INFO - Confounder validation for RSI_14_lag_1: Valid=True, C->T p=0.0000, T->C p=0.0955
2025-06-30 20:45:26,179 - INFO - Confounder validation for RSI_14_lag_3: Valid=False, C->T p=0.0530, T->C p=0.1661
2025-06-30 20:45:26,344 - INFO - Confounder validation for RSI_14_lag_5: Valid=False, C->T p=0.0148, T->C p=0.0000
2025-06-30 20:45:26,528 - INFO - Confounder validation for BB_Position_lag_1: Valid=False, C->T p=0.0000, T->C p=0.0004
2025-06-30 20:45:26,692 - INFO - Confounder validation for Daily_Return_lag_5: Valid=False, C->T p=0.0857, T->C p=0.0000
2025-06-30 20:45:26,846 - INFO - Confounder validation for Daily_Return_lag_1: Valid=True, C->T p=0.0000, T->C p=0.0896
2025-06-30 20:45:27,027 - INFO - Confounder validation for Daily_Return_lag_2: Valid=True, C->T p=0.0000, T->C p=0.0820
2025-06-30 20:45:27,195 - INFO - Confounder validation for Volume_Ratio_lag_1: Valid=False, C->T p=0.0000, T->C p=0.0097
2025-06-30 20:45:27,200 - INFO - Model to find the causal effect of treatment ['Daily_Return_lag_3'] on outcome ['Target_Direction']
2025-06-30 20:45:27,220 - INFO - Causal effect can be identified.
2025-06-30 20:45:27,222 - INFO - Instrumental variables for treatment and outcome:[]
2025-06-30 20:45:27,222 - INFO - Frontdoor variables for treatment and outcome:[]
2025-06-30 20:45:27,222 - INFO - linear_regression
2025-06-30 20:45:27,222 - INFO - INFO: Using Linear Regression Estimator
2025-06-30 20:45:27,222 - INFO - b: Target_Direction~Daily_Return_lag_3+UnemploymentRate_lag_10+CPI_lag_20+Daily_Return_lag_1+Daily_Return_lag_2+RSI_14_lag_1
2025-06-30 20:45:27,247 - INFO - DoWhy estimate for Daily_Return_lag_3 using backdoor.linear_regression: -0.1522
2025-06-30 20:45:27,247 - INFO - generalized_linear_model
2025-06-30 20:45:27,248 - INFO - INFO: Using Generalized Linear Model Estimator
2025-06-30 20:45:27,249 - INFO - b: Target_Direction~Sigmoid(Daily_Return_lag_3+UnemploymentRate_lag_10+CPI_lag_20+Daily_Return_lag_1+Daily_Return_lag_2+RSI_14_lag_1)
2025-06-30 20:45:27,283 - INFO - DoWhy estimate for Daily_Return_lag_3 using backdoor.generalized_linear_model: -0.1481
2025-06-30 20:45:27,288 - INFO - Model to find the causal effect of treatment ['Daily_Return_lag_3_placebo'] on outcome ['Target_Direction']
2025-06-30 20:45:27,289 - WARNING - There are an additional 1 variables in the dataset that are not in the graph. Variable names are: '['Daily_Return_lag_3']'
2025-06-30 20:45:27,302 - INFO - Causal effect can be identified.
2025-06-30 20:45:27,304 - INFO - Instrumental variables for treatment and outcome:[]
2025-06-30 20:45:27,304 - INFO - Frontdoor variables for treatment and outcome:[]
2025-06-30 20:45:27,304 - INFO - linear_regression
2025-06-30 20:45:27,306 - INFO - INFO: Using Linear Regression Estimator
2025-06-30 20:45:27,308 - INFO - b: Target_Direction~Daily_Return_lag_3_placebo+UnemploymentRate_lag_10+CPI_lag_20+Daily_Return_lag_1+Daily_Return_lag_2+RSI_14_lag_1
2025-06-30 20:45:27,331 - INFO - Placebo test for Daily_Return_lag_3: -0.4597
2025-06-30 20:45:27,332 - ERROR - 'MockEstimate' object has no attribute 'estimator'
2025-06-30 20:45:27,332 - INFO - Refutation over 100 simulated datasets, each with a random common cause added
2025-06-30 20:45:27,336 - ERROR - Random common cause test failed for Daily_Return_lag_3: 'MockEstimate' object has no attribute 'estimator'
2025-06-30 20:45:27,337 - INFO - Analyzing causal effect of UnemploymentRate_lag_1 on Target_Direction
2025-06-30 20:45:27,535 - INFO - Confounder validation for GBP_USD_lag_5: Valid=False, C->T p=0.0000, T->C p=0.0000
2025-06-30 20:45:27,679 - INFO - Confounder validation for CPI_lag_1: Valid=False, C->T p=0.0000, T->C p=0.0031
2025-06-30 20:45:27,856 - INFO - Confounder validation for CPI_lag_10: Valid=False, C->T p=0.0000, T->C p=0.0029
2025-06-30 20:45:28,032 - INFO - Confounder validation for CPI_lag_5: Valid=False, C->T p=0.0000, T->C p=0.0027
2025-06-30 20:45:28,200 - INFO - Confounder validation for UnemploymentRate_lag_10: Valid=False, C->T p=0.9912, T->C p=0.0000
2025-06-30 20:45:28,374 - INFO - Confounder validation for Rate_lag_1_diff: Valid=False, C->T p=0.8177, T->C p=0.0024
2025-06-30 20:45:28,514 - INFO - Confounder validation for GBP_USD_lag_1: Valid=False, C->T p=0.0000, T->C p=0.0000
2025-06-30 20:45:28,678 - INFO - Confounder validation for CPI_lag_20: Valid=False, C->T p=0.0000, T->C p=0.0036
2025-06-30 20:45:28,830 - INFO - Confounder validation for UnemploymentRate_lag_5: Valid=False, C->T p=0.9938, T->C p=0.0000
2025-06-30 20:45:28,998 - INFO - Confounder validation for Rate_lag_20_diff: Valid=False, C->T p=0.1819, T->C p=0.0000
2025-06-30 20:45:29,146 - INFO - Confounder validation for UnemploymentRate_lag_20: Valid=False, C->T p=0.0000, T->C p=0.0000
2025-06-30 20:45:29,328 - INFO - Confounder validation for GBP_USD_lag_10: Valid=False, C->T p=0.0000, T->C p=0.0000
2025-06-30 20:45:29,479 - INFO - Confounder validation for Rate_lag_5_diff: Valid=False, C->T p=0.0159, T->C p=0.0000
2025-06-30 20:45:29,644 - INFO - Confounder validation for GBP_USD_lag_20: Valid=False, C->T p=0.0000, T->C p=0.0000
2025-06-30 20:45:29,795 - INFO - Confounder validation for BB_Position_lag_5: Valid=True, C->T p=0.0047, T->C p=0.1770
2025-06-30 20:45:29,953 - INFO - Confounder validation for BB_Position_lag_3: Valid=True, C->T p=0.0411, T->C p=0.5896
2025-06-30 20:45:30,111 - INFO - Confounder validation for RSI_14_lag_1: Valid=True, C->T p=0.0050, T->C p=0.0831
2025-06-30 20:45:30,267 - INFO - Confounder validation for RSI_14_lag_3: Valid=True, C->T p=0.0307, T->C p=0.5904
2025-06-30 20:45:30,445 - INFO - Confounder validation for RSI_14_lag_5: Valid=True, C->T p=0.0082, T->C p=0.1112
2025-06-30 20:45:30,595 - INFO - Confounder validation for BB_Position_lag_1: Valid=True, C->T p=0.0022, T->C p=0.3590
2025-06-30 20:45:30,763 - INFO - Confounder validation for Daily_Return_lag_5: Valid=True, C->T p=0.0060, T->C p=0.2132
2025-06-30 20:45:30,913 - INFO - Confounder validation for Daily_Return_lag_1: Valid=True, C->T p=0.0135, T->C p=0.1645
2025-06-30 20:45:31,079 - INFO - Confounder validation for Daily_Return_lag_3: Valid=False, C->T p=0.0987, T->C p=0.7268
2025-06-30 20:45:31,243 - INFO - Confounder validation for Daily_Return_lag_2: Valid=True, C->T p=0.0035, T->C p=0.7712
2025-06-30 20:45:31,412 - INFO - Confounder validation for Volume_Ratio_lag_1: Valid=True, C->T p=0.0013, T->C p=0.1149
2025-06-30 20:45:31,418 - INFO - Model to find the causal effect of treatment ['UnemploymentRate_lag_1'] on outcome ['Target_Direction']
2025-06-30 20:45:31,760 - INFO - Causal effect can be identified.
2025-06-30 20:45:31,760 - INFO - Instrumental variables for treatment and outcome:[]
2025-06-30 20:45:31,776 - INFO - Frontdoor variables for treatment and outcome:[]
2025-06-30 20:45:31,776 - INFO - linear_regression
2025-06-30 20:45:31,776 - INFO - INFO: Using Linear Regression Estimator
2025-06-30 20:45:31,779 - INFO - b: Target_Direction~UnemploymentRate_lag_1+Daily_Return_lag_5+BB_Position_lag_5+BB_Position_lag_3+RSI_14_lag_5+RSI_14_lag_3+Volume_Ratio_lag_1+Daily_Return_lag_1+Daily_Return_lag_2+RSI_14_lag_1+BB_Position_lag_1
2025-06-30 20:45:31,811 - INFO - DoWhy estimate for UnemploymentRate_lag_1 using backdoor.linear_regression: -0.0241
2025-06-30 20:45:31,812 - INFO - generalized_linear_model
2025-06-30 20:45:31,812 - INFO - INFO: Using Generalized Linear Model Estimator
2025-06-30 20:45:31,814 - INFO - b: Target_Direction~Sigmoid(UnemploymentRate_lag_1+Daily_Return_lag_5+BB_Position_lag_5+BB_Position_lag_3+RSI_14_lag_5+RSI_14_lag_3+Volume_Ratio_lag_1+Daily_Return_lag_1+Daily_Return_lag_2+RSI_14_lag_1+BB_Position_lag_1)
2025-06-30 20:45:31,855 - INFO - DoWhy estimate for UnemploymentRate_lag_1 using backdoor.generalized_linear_model: -0.0232
2025-06-30 20:45:31,864 - INFO - Model to find the causal effect of treatment ['UnemploymentRate_lag_1_placebo'] on outcome ['Target_Direction']
2025-06-30 20:45:31,865 - WARNING - There are an additional 1 variables in the dataset that are not in the graph. Variable names are: '['UnemploymentRate_lag_1']'
2025-06-30 20:45:32,202 - INFO - Causal effect can be identified.
2025-06-30 20:45:32,202 - INFO - Instrumental variables for treatment and outcome:[]
2025-06-30 20:45:32,202 - INFO - Frontdoor variables for treatment and outcome:[]
2025-06-30 20:45:32,202 - INFO - linear_regression
2025-06-30 20:45:32,202 - INFO - INFO: Using Linear Regression Estimator
2025-06-30 20:45:32,208 - INFO - b: Target_Direction~UnemploymentRate_lag_1_placebo+Daily_Return_lag_5+BB_Position_lag_5+BB_Position_lag_3+RSI_14_lag_5+RSI_14_lag_3+Volume_Ratio_lag_1+Daily_Return_lag_1+Daily_Return_lag_2+RSI_14_lag_1+BB_Position_lag_1
2025-06-30 20:45:32,238 - INFO - Placebo test for UnemploymentRate_lag_1: -0.0032
2025-06-30 20:45:32,238 - ERROR - 'MockEstimate' object has no attribute 'estimator'
2025-06-30 20:45:32,238 - INFO - Refutation over 100 simulated datasets, each with a random common cause added
2025-06-30 20:45:32,246 - ERROR - Random common cause test failed for UnemploymentRate_lag_1: 'MockEstimate' object has no attribute 'estimator'
2025-06-30 20:45:32,246 - INFO - Analyzing causal effect of GBP_USD_lag_1 on Target_Direction
2025-06-30 20:45:32,457 - INFO - Confounder validation for GBP_USD_lag_5: Valid=False, C->T p=0.0000, T->C p=0.0000
2025-06-30 20:45:32,611 - INFO - Confounder validation for CPI_lag_1: Valid=True, C->T p=0.0000, T->C p=0.4297
2025-06-30 20:45:32,787 - INFO - Confounder validation for CPI_lag_10: Valid=False, C->T p=0.0561, T->C p=0.3030
2025-06-30 20:45:32,936 - INFO - Confounder validation for CPI_lag_5: Valid=True, C->T p=0.0000, T->C p=0.4002
2025-06-30 20:45:33,096 - INFO - Confounder validation for UnemploymentRate_lag_10: Valid=False, C->T p=0.0000, T->C p=0.0001
2025-06-30 20:45:33,267 - INFO - Confounder validation for Rate_lag_1_diff: Valid=True, C->T p=0.0000, T->C p=0.3094
2025-06-30 20:45:33,430 - INFO - Confounder validation for UnemploymentRate_lag_1: Valid=False, C->T p=0.0000, T->C p=0.0000
2025-06-30 20:45:33,594 - INFO - Confounder validation for CPI_lag_20: Valid=True, C->T p=0.0000, T->C p=0.2622
2025-06-30 20:45:33,729 - INFO - Confounder validation for UnemploymentRate_lag_5: Valid=False, C->T p=0.0000, T->C p=0.0000
2025-06-30 20:45:34,001 - INFO - Confounder validation for Rate_lag_20_diff: Valid=False, C->T p=0.0033, T->C p=0.0000
2025-06-30 20:45:34,172 - INFO - Confounder validation for UnemploymentRate_lag_20: Valid=False, C->T p=0.0000, T->C p=0.0000
2025-06-30 20:45:34,329 - INFO - Confounder validation for GBP_USD_lag_10: Valid=False, C->T p=0.0000, T->C p=0.0000
2025-06-30 20:45:34,512 - INFO - Confounder validation for Rate_lag_5_diff: Valid=False, C->T p=0.0000, T->C p=0.0000
2025-06-30 20:45:34,681 - INFO - Confounder validation for GBP_USD_lag_20: Valid=False, C->T p=0.0380, T->C p=0.0000
2025-06-30 20:45:34,844 - INFO - Confounder validation for BB_Position_lag_5: Valid=False, C->T p=0.0042, T->C p=0.0000
2025-06-30 20:45:35,013 - INFO - Confounder validation for BB_Position_lag_3: Valid=False, C->T p=0.2089, T->C p=0.0000
2025-06-30 20:45:35,201 - INFO - Confounder validation for RSI_14_lag_1: Valid=False, C->T p=0.0000, T->C p=0.0381
2025-06-30 20:45:35,344 - INFO - Confounder validation for RSI_14_lag_3: Valid=False, C->T p=0.0144, T->C p=0.0000
2025-06-30 20:45:35,527 - INFO - Confounder validation for RSI_14_lag_5: Valid=False, C->T p=0.0120, T->C p=0.0000
2025-06-30 20:45:35,684 - INFO - Confounder validation for BB_Position_lag_1: Valid=True, C->T p=0.0000, T->C p=0.0900
2025-06-30 20:45:35,859 - INFO - Confounder validation for Daily_Return_lag_5: Valid=False, C->T p=0.0713, T->C p=0.0000
2025-06-30 20:45:36,014 - INFO - Confounder validation for Daily_Return_lag_1: Valid=False, C->T p=0.0000, T->C p=0.0008
2025-06-30 20:45:36,169 - INFO - Confounder validation for Daily_Return_lag_3: Valid=False, C->T p=0.0068, T->C p=0.0000
2025-06-30 20:45:36,320 - INFO - Confounder validation for Daily_Return_lag_2: Valid=False, C->T p=0.0004, T->C p=0.0000
2025-06-30 20:45:36,489 - INFO - Confounder validation for Volume_Ratio_lag_1: Valid=True, C->T p=0.0000, T->C p=0.1242
2025-06-30 20:45:36,494 - INFO - Model to find the causal effect of treatment ['GBP_USD_lag_1'] on outcome ['Target_Direction']
2025-06-30 20:45:36,515 - INFO - Causal effect can be identified.
2025-06-30 20:45:36,517 - INFO - Instrumental variables for treatment and outcome:[]
2025-06-30 20:45:36,518 - INFO - Frontdoor variables for treatment and outcome:[]
2025-06-30 20:45:36,518 - INFO - linear_regression
2025-06-30 20:45:36,519 - INFO - INFO: Using Linear Regression Estimator
2025-06-30 20:45:36,521 - INFO - b: Target_Direction~GBP_USD_lag_1+Rate_lag_1_diff+CPI_lag_1+CPI_lag_20+CPI_lag_5+Volume_Ratio_lag_1+BB_Position_lag_1
2025-06-30 20:45:36,558 - INFO - DoWhy estimate for GBP_USD_lag_1 using backdoor.linear_regression: -0.0144
2025-06-30 20:45:36,558 - INFO - generalized_linear_model
2025-06-30 20:45:36,558 - INFO - INFO: Using Generalized Linear Model Estimator
2025-06-30 20:45:36,560 - INFO - b: Target_Direction~Sigmoid(GBP_USD_lag_1+Rate_lag_1_diff+CPI_lag_1+CPI_lag_20+CPI_lag_5+Volume_Ratio_lag_1+BB_Position_lag_1)
2025-06-30 20:45:36,610 - INFO - DoWhy estimate for GBP_USD_lag_1 using backdoor.generalized_linear_model: -0.0144
2025-06-30 20:45:36,614 - INFO - Model to find the causal effect of treatment ['GBP_USD_lag_1_placebo'] on outcome ['Target_Direction']
2025-06-30 20:45:36,616 - WARNING - There are an additional 1 variables in the dataset that are not in the graph. Variable names are: '['GBP_USD_lag_1']'
2025-06-30 20:45:36,637 - INFO - Causal effect can be identified.
2025-06-30 20:45:36,640 - INFO - Instrumental variables for treatment and outcome:[]
2025-06-30 20:45:36,641 - INFO - Frontdoor variables for treatment and outcome:[]
2025-06-30 20:45:36,641 - INFO - linear_regression
2025-06-30 20:45:36,641 - INFO - INFO: Using Linear Regression Estimator
2025-06-30 20:45:36,643 - INFO - b: Target_Direction~GBP_USD_lag_1_placebo+Rate_lag_1_diff+CPI_lag_1+CPI_lag_20+CPI_lag_5+Volume_Ratio_lag_1+BB_Position_lag_1
2025-06-30 20:45:36,669 - INFO - Placebo test for GBP_USD_lag_1: -0.0850
2025-06-30 20:45:36,669 - ERROR - 'MockEstimate' object has no attribute 'estimator'
2025-06-30 20:45:36,669 - INFO - Refutation over 100 simulated datasets, each with a random common cause added
2025-06-30 20:45:36,672 - ERROR - Random common cause test failed for GBP_USD_lag_1: 'MockEstimate' object has no attribute 'estimator'
2025-06-30 20:45:36,672 - INFO - Analyzing causal effect of CPI_lag_20 on Target_Direction
2025-06-30 20:45:36,885 - INFO - Confounder validation for GBP_USD_lag_5: Valid=False, C->T p=0.3117, T->C p=0.0001
2025-06-30 20:45:37,051 - INFO - Confounder validation for CPI_lag_1: Valid=False, C->T p=0.0000, T->C p=0.0054
2025-06-30 20:45:37,209 - INFO - Confounder validation for CPI_lag_10: Valid=True, C->T p=0.0000, T->C p=0.7478
2025-06-30 20:45:37,387 - INFO - Confounder validation for CPI_lag_5: Valid=True, C->T p=0.0000, T->C p=0.6910
2025-06-30 20:45:37,549 - INFO - Confounder validation for UnemploymentRate_lag_10: Valid=False, C->T p=0.0027, T->C p=0.0000
2025-06-30 20:45:37,709 - INFO - Confounder validation for Rate_lag_1_diff: Valid=False, C->T p=0.9139, T->C p=0.0000
2025-06-30 20:45:37,871 - INFO - Confounder validation for UnemploymentRate_lag_1: Valid=False, C->T p=0.0036, T->C p=0.0000
2025-06-30 20:45:38,018 - INFO - Confounder validation for GBP_USD_lag_1: Valid=False, C->T p=0.2622, T->C p=0.0000
2025-06-30 20:45:38,194 - INFO - Confounder validation for UnemploymentRate_lag_5: Valid=False, C->T p=0.0029, T->C p=0.0000
2025-06-30 20:45:38,329 - INFO - Confounder validation for Rate_lag_20_diff: Valid=False, C->T p=0.9059, T->C p=0.0000
2025-06-30 20:45:38,498 - INFO - Confounder validation for UnemploymentRate_lag_20: Valid=False, C->T p=0.0026, T->C p=0.0000
2025-06-30 20:45:38,663 - INFO - Confounder validation for GBP_USD_lag_10: Valid=False, C->T p=0.3419, T->C p=0.0583
2025-06-30 20:45:38,818 - INFO - Confounder validation for Rate_lag_5_diff: Valid=False, C->T p=0.5342, T->C p=0.0000
2025-06-30 20:45:38,979 - INFO - Confounder validation for GBP_USD_lag_20: Valid=False, C->T p=0.4247, T->C p=0.0000
2025-06-30 20:45:39,148 - INFO - Confounder validation for BB_Position_lag_5: Valid=False, C->T p=0.4605, T->C p=0.0062
2025-06-30 20:45:39,325 - INFO - Confounder validation for BB_Position_lag_3: Valid=False, C->T p=0.6878, T->C p=0.0108
2025-06-30 20:45:39,492 - INFO - Confounder validation for RSI_14_lag_1: Valid=False, C->T p=0.8669, T->C p=0.5586
2025-06-30 20:45:39,665 - INFO - Confounder validation for RSI_14_lag_3: Valid=False, C->T p=0.6527, T->C p=0.0077
2025-06-30 20:45:39,830 - INFO - Confounder validation for RSI_14_lag_5: Valid=False, C->T p=0.5248, T->C p=0.0027
2025-06-30 20:45:40,000 - INFO - Confounder validation for BB_Position_lag_1: Valid=False, C->T p=0.8907, T->C p=0.2589
2025-06-30 20:45:40,169 - INFO - Confounder validation for Daily_Return_lag_5: Valid=False, C->T p=0.2490, T->C p=0.0376
2025-06-30 20:45:40,327 - INFO - Confounder validation for Daily_Return_lag_1: Valid=False, C->T p=0.7544, T->C p=0.7885
2025-06-30 20:45:40,505 - INFO - Confounder validation for Daily_Return_lag_3: Valid=False, C->T p=0.3629, T->C p=0.0491
2025-06-30 20:45:40,646 - INFO - Confounder validation for Daily_Return_lag_2: Valid=False, C->T p=0.5532, T->C p=0.1075
2025-06-30 20:45:40,817 - INFO - Confounder validation for Volume_Ratio_lag_1: Valid=False, C->T p=0.1211, T->C p=0.0117
2025-06-30 20:45:40,823 - INFO - Model to find the causal effect of treatment ['CPI_lag_20'] on outcome ['Target_Direction']
2025-06-30 20:45:40,827 - INFO - Causal effect can be identified.
2025-06-30 20:45:40,829 - INFO - Instrumental variables for treatment and outcome:[]
2025-06-30 20:45:40,829 - INFO - Frontdoor variables for treatment and outcome:[]
2025-06-30 20:45:40,830 - INFO - linear_regression
2025-06-30 20:45:40,830 - INFO - INFO: Using Linear Regression Estimator
2025-06-30 20:45:40,831 - INFO - b: Target_Direction~CPI_lag_20+CPI_lag_10+CPI_lag_5
2025-06-30 20:45:40,857 - INFO - DoWhy estimate for CPI_lag_20 using backdoor.linear_regression: -0.0237
2025-06-30 20:45:40,858 - INFO - generalized_linear_model
2025-06-30 20:45:40,858 - INFO - INFO: Using Generalized Linear Model Estimator
2025-06-30 20:45:40,859 - INFO - b: Target_Direction~Sigmoid(CPI_lag_20+CPI_lag_10+CPI_lag_5)
2025-06-30 20:45:40,894 - INFO - DoWhy estimate for CPI_lag_20 using backdoor.generalized_linear_model: -0.0000
2025-06-30 20:45:40,897 - INFO - Model to find the causal effect of treatment ['CPI_lag_20_placebo'] on outcome ['Target_Direction']
2025-06-30 20:45:40,898 - WARNING - There are an additional 1 variables in the dataset that are not in the graph. Variable names are: '['CPI_lag_20']'
2025-06-30 20:45:40,902 - INFO - Causal effect can be identified.
2025-06-30 20:45:40,903 - INFO - Instrumental variables for treatment and outcome:[]
2025-06-30 20:45:40,904 - INFO - Frontdoor variables for treatment and outcome:[]
2025-06-30 20:45:40,904 - INFO - linear_regression
2025-06-30 20:45:40,904 - INFO - INFO: Using Linear Regression Estimator
2025-06-30 20:45:40,906 - INFO - b: Target_Direction~CPI_lag_20_placebo+CPI_lag_10+CPI_lag_5
2025-06-30 20:45:40,932 - INFO - Placebo test for CPI_lag_20: -0.0006
2025-06-30 20:45:40,933 - ERROR - 'MockEstimate' object has no attribute 'estimator'
2025-06-30 20:45:40,933 - INFO - Refutation over 100 simulated datasets, each with a random common cause added
2025-06-30 20:45:40,934 - ERROR - Random common cause test failed for CPI_lag_20: 'MockEstimate' object has no attribute 'estimator'
2025-06-30 20:45:40,934 - INFO - Analyzing causal effect of Daily_Return_lag_2 on Target_Direction
2025-06-30 20:45:41,134 - INFO - Confounder validation for GBP_USD_lag_5: Valid=False, C->T p=0.0029, T->C p=0.0000
2025-06-30 20:45:41,293 - INFO - Confounder validation for CPI_lag_1: Valid=False, C->T p=0.2736, T->C p=0.3553
2025-06-30 20:45:41,445 - INFO - Confounder validation for CPI_lag_10: Valid=False, C->T p=0.9190, T->C p=0.5588
2025-06-30 20:45:41,619 - INFO - Confounder validation for CPI_lag_5: Valid=False, C->T p=0.1521, T->C p=0.5836
2025-06-30 20:45:41,779 - INFO - Confounder validation for UnemploymentRate_lag_10: Valid=False, C->T p=0.3005, T->C p=0.8075
2025-06-30 20:45:41,946 - INFO - Confounder validation for Rate_lag_1_diff: Valid=False, C->T p=0.0000, T->C p=0.0000
2025-06-30 20:45:42,109 - INFO - Confounder validation for UnemploymentRate_lag_1: Valid=False, C->T p=0.7712, T->C p=0.0035
2025-06-30 20:45:42,275 - INFO - Confounder validation for GBP_USD_lag_1: Valid=False, C->T p=0.0000, T->C p=0.0004
2025-06-30 20:45:42,428 - INFO - Confounder validation for CPI_lag_20: Valid=False, C->T p=0.1075, T->C p=0.5532
2025-06-30 20:45:42,584 - INFO - Confounder validation for UnemploymentRate_lag_5: Valid=True, C->T p=0.0281, T->C p=0.0717
2025-06-30 20:45:42,742 - INFO - Confounder validation for Rate_lag_20_diff: Valid=False, C->T p=0.2117, T->C p=0.3446
2025-06-30 20:45:42,919 - INFO - Confounder validation for UnemploymentRate_lag_20: Valid=False, C->T p=0.5390, T->C p=0.0432
2025-06-30 20:45:43,059 - INFO - Confounder validation for GBP_USD_lag_10: Valid=False, C->T p=0.2754, T->C p=0.0006
2025-06-30 20:45:43,228 - INFO - Confounder validation for Rate_lag_5_diff: Valid=False, C->T p=0.0398, T->C p=0.0000
2025-06-30 20:45:43,390 - INFO - Confounder validation for GBP_USD_lag_20: Valid=False, C->T p=0.1455, T->C p=0.2805
2025-06-30 20:45:43,545 - INFO - Confounder validation for BB_Position_lag_5: Valid=False, C->T p=0.0762, T->C p=0.0000
2025-06-30 20:45:43,709 - INFO - Confounder validation for BB_Position_lag_3: Valid=False, C->T p=0.1135, T->C p=0.0000
2025-06-30 20:45:43,867 - INFO - Confounder validation for RSI_14_lag_1: Valid=True, C->T p=0.0000, T->C p=0.2013
2025-06-30 20:45:44,026 - INFO - Confounder validation for RSI_14_lag_3: Valid=False, C->T p=0.0470, T->C p=0.0000
2025-06-30 20:45:44,188 - INFO - Confounder validation for RSI_14_lag_5: Valid=False, C->T p=0.0295, T->C p=0.0000
2025-06-30 20:45:44,360 - INFO - Confounder validation for BB_Position_lag_1: Valid=False, C->T p=0.0000, T->C p=0.0230
2025-06-30 20:45:44,538 - INFO - Confounder validation for Daily_Return_lag_5: Valid=False, C->T p=0.0000, T->C p=0.0000
2025-06-30 20:45:44,696 - INFO - Confounder validation for Daily_Return_lag_1: Valid=True, C->T p=0.0000, T->C p=0.3578
2025-06-30 20:45:44,864 - INFO - Confounder validation for Daily_Return_lag_3: Valid=False, C->T p=0.0820, T->C p=0.0000
2025-06-30 20:45:45,030 - INFO - Confounder validation for Volume_Ratio_lag_1: Valid=False, C->T p=0.0000, T->C p=0.0003
2025-06-30 20:45:45,032 - INFO - Model to find the causal effect of treatment ['Daily_Return_lag_2'] on outcome ['Target_Direction']
2025-06-30 20:45:45,032 - INFO - Causal effect can be identified.
2025-06-30 20:45:45,040 - INFO - Instrumental variables for treatment and outcome:[]
2025-06-30 20:45:45,041 - INFO - Frontdoor variables for treatment and outcome:[]
2025-06-30 20:45:45,042 - INFO - linear_regression
2025-06-30 20:45:45,042 - INFO - INFO: Using Linear Regression Estimator
2025-06-30 20:45:45,045 - INFO - b: Target_Direction~Daily_Return_lag_2+RSI_14_lag_1+UnemploymentRate_lag_5+Daily_Return_lag_1
2025-06-30 20:45:45,071 - INFO - DoWhy estimate for Daily_Return_lag_2 using backdoor.linear_regression: -0.1159
2025-06-30 20:45:45,071 - INFO - generalized_linear_model
2025-06-30 20:45:45,072 - INFO - INFO: Using Generalized Linear Model Estimator
2025-06-30 20:45:45,073 - INFO - b: Target_Direction~Sigmoid(Daily_Return_lag_2+RSI_14_lag_1+UnemploymentRate_lag_5+Daily_Return_lag_1)
2025-06-30 20:45:45,097 - INFO - DoWhy estimate for Daily_Return_lag_2 using backdoor.generalized_linear_model: -0.1142
2025-06-30 20:45:45,110 - INFO - Model to find the causal effect of treatment ['Daily_Return_lag_2_placebo'] on outcome ['Target_Direction']
2025-06-30 20:45:45,112 - WARNING - There are an additional 1 variables in the dataset that are not in the graph. Variable names are: '['Daily_Return_lag_2']'
2025-06-30 20:45:45,116 - INFO - Causal effect can be identified.
2025-06-30 20:45:45,118 - INFO - Instrumental variables for treatment and outcome:[]
2025-06-30 20:45:45,119 - INFO - Frontdoor variables for treatment and outcome:[]
2025-06-30 20:45:45,119 - INFO - linear_regression
2025-06-30 20:45:45,120 - INFO - INFO: Using Linear Regression Estimator
2025-06-30 20:45:45,121 - INFO - b: Target_Direction~Daily_Return_lag_2_placebo+RSI_14_lag_1+UnemploymentRate_lag_5+Daily_Return_lag_1
2025-06-30 20:45:45,198 - INFO - Placebo test for Daily_Return_lag_2: -0.3990
2025-06-30 20:45:45,200 - ERROR - 'MockEstimate' object has no attribute 'estimator'
2025-06-30 20:45:45,200 - INFO - Refutation over 100 simulated datasets, each with a random common cause added
2025-06-30 20:45:45,204 - ERROR - Random common cause test failed for Daily_Return_lag_2: 'MockEstimate' object has no attribute 'estimator'
2025-06-30 20:45:45,204 - INFO - Analyzing causal effect of UnemploymentRate_lag_5 on Target_Direction
2025-06-30 20:45:45,420 - INFO - Confounder validation for GBP_USD_lag_5: Valid=False, C->T p=0.0000, T->C p=0.0000
2025-06-30 20:45:45,595 - INFO - Confounder validation for CPI_lag_1: Valid=False, C->T p=0.0000, T->C p=0.0030
2025-06-30 20:45:45,772 - INFO - Confounder validation for CPI_lag_10: Valid=False, C->T p=0.0000, T->C p=0.0027
2025-06-30 20:45:45,911 - INFO - Confounder validation for CPI_lag_5: Valid=False, C->T p=0.0000, T->C p=0.0030
2025-06-30 20:45:46,093 - INFO - Confounder validation for UnemploymentRate_lag_10: Valid=False, C->T p=0.9932, T->C p=0.0000
2025-06-30 20:45:46,244 - INFO - Confounder validation for Rate_lag_1_diff: Valid=False, C->T p=0.0000, T->C p=0.0000
2025-06-30 20:45:46,404 - INFO - Confounder validation for UnemploymentRate_lag_1: Valid=True, C->T p=0.0000, T->C p=0.9938
2025-06-30 20:45:46,573 - INFO - Confounder validation for GBP_USD_lag_1: Valid=False, C->T p=0.0000, T->C p=0.0000
2025-06-30 20:45:46,773 - INFO - Confounder validation for CPI_lag_20: Valid=False, C->T p=0.0000, T->C p=0.0029
2025-06-30 20:45:46,925 - INFO - Confounder validation for Rate_lag_20_diff: Valid=False, C->T p=0.1808, T->C p=0.0000
2025-06-30 20:45:47,095 - INFO - Confounder validation for UnemploymentRate_lag_20: Valid=False, C->T p=0.7424, T->C p=0.0000
2025-06-30 20:45:47,259 - INFO - Confounder validation for GBP_USD_lag_10: Valid=False, C->T p=0.0000, T->C p=0.0000
2025-06-30 20:45:47,445 - INFO - Confounder validation for Rate_lag_5_diff: Valid=False, C->T p=0.8430, T->C p=0.0000
2025-06-30 20:45:47,591 - INFO - Confounder validation for GBP_USD_lag_20: Valid=False, C->T p=0.0000, T->C p=0.0000
2025-06-30 20:45:47,768 - INFO - Confounder validation for BB_Position_lag_5: Valid=True, C->T p=0.0098, T->C p=0.3605
2025-06-30 20:45:47,923 - INFO - Confounder validation for BB_Position_lag_3: Valid=True, C->T p=0.0496, T->C p=0.1540
2025-06-30 20:45:48,092 - INFO - Confounder validation for RSI_14_lag_1: Valid=True, C->T p=0.0094, T->C p=0.2600
2025-06-30 20:45:48,250 - INFO - Confounder validation for RSI_14_lag_3: Valid=False, C->T p=0.0163, T->C p=0.0214
2025-06-30 20:45:48,416 - INFO - Confounder validation for RSI_14_lag_5: Valid=True, C->T p=0.0048, T->C p=0.0839
2025-06-30 20:45:48,559 - INFO - Confounder validation for BB_Position_lag_1: Valid=True, C->T p=0.0308, T->C p=0.4410
2025-06-30 20:45:48,743 - INFO - Confounder validation for Daily_Return_lag_5: Valid=True, C->T p=0.0219, T->C p=0.1619
2025-06-30 20:45:48,923 - INFO - Confounder validation for Daily_Return_lag_1: Valid=False, C->T p=0.3053, T->C p=0.1475
2025-06-30 20:45:49,110 - INFO - Confounder validation for Daily_Return_lag_3: Valid=False, C->T p=0.0628, T->C p=0.0572
2025-06-30 20:45:49,262 - INFO - Confounder validation for Daily_Return_lag_2: Valid=False, C->T p=0.0717, T->C p=0.0281
2025-06-30 20:45:49,421 - INFO - Confounder validation for Volume_Ratio_lag_1: Valid=False, C->T p=0.0708, T->C p=0.0004
2025-06-30 20:45:49,426 - INFO - Model to find the causal effect of treatment ['UnemploymentRate_lag_5'] on outcome ['Target_Direction']
2025-06-30 20:45:49,479 - INFO - Causal effect can be identified.
2025-06-30 20:45:49,481 - INFO - Instrumental variables for treatment and outcome:[]
2025-06-30 20:45:49,481 - INFO - Frontdoor variables for treatment and outcome:[]
2025-06-30 20:45:49,481 - INFO - linear_regression
2025-06-30 20:45:49,481 - INFO - INFO: Using Linear Regression Estimator
2025-06-30 20:45:49,481 - INFO - b: Target_Direction~UnemploymentRate_lag_5+Daily_Return_lag_5+BB_Position_lag_5+BB_Position_lag_3+RSI_14_lag_5+RSI_14_lag_1+BB_Position_lag_1+UnemploymentRate_lag_1
2025-06-30 20:45:49,508 - INFO - DoWhy estimate for UnemploymentRate_lag_5 using backdoor.linear_regression: 0.1229
2025-06-30 20:45:49,509 - INFO - generalized_linear_model
2025-06-30 20:45:49,510 - INFO - INFO: Using Generalized Linear Model Estimator
2025-06-30 20:45:49,511 - INFO - b: Target_Direction~Sigmoid(UnemploymentRate_lag_5+Daily_Return_lag_5+BB_Position_lag_5+BB_Position_lag_3+RSI_14_lag_5+RSI_14_lag_1+BB_Position_lag_1+UnemploymentRate_lag_1)
2025-06-30 20:45:49,550 - INFO - DoWhy estimate for UnemploymentRate_lag_5 using backdoor.generalized_linear_model: 0.0572
2025-06-30 20:45:49,562 - INFO - Model to find the causal effect of treatment ['UnemploymentRate_lag_5_placebo'] on outcome ['Target_Direction']
2025-06-30 20:45:49,562 - WARNING - There are an additional 1 variables in the dataset that are not in the graph. Variable names are: '['UnemploymentRate_lag_5']'
2025-06-30 20:45:49,612 - INFO - Causal effect can be identified.
2025-06-30 20:45:49,612 - INFO - Instrumental variables for treatment and outcome:[]
2025-06-30 20:45:49,612 - INFO - Frontdoor variables for treatment and outcome:[]
2025-06-30 20:45:49,612 - INFO - linear_regression
2025-06-30 20:45:49,612 - INFO - INFO: Using Linear Regression Estimator
2025-06-30 20:45:49,617 - INFO - b: Target_Direction~UnemploymentRate_lag_5_placebo+Daily_Return_lag_5+BB_Position_lag_5+BB_Position_lag_3+RSI_14_lag_5+RSI_14_lag_1+BB_Position_lag_1+UnemploymentRate_lag_1
2025-06-30 20:45:49,629 - INFO - Placebo test for UnemploymentRate_lag_5: 0.0196
2025-06-30 20:45:49,629 - ERROR - 'MockEstimate' object has no attribute 'estimator'
2025-06-30 20:45:49,641 - INFO - Refutation over 100 simulated datasets, each with a random common cause added
2025-06-30 20:45:49,644 - ERROR - Random common cause test failed for UnemploymentRate_lag_5: 'MockEstimate' object has no attribute 'estimator'
2025-06-30 20:45:49,645 - INFO - Analyzing causal effect of Rate_lag_20_diff on Target_Direction
2025-06-30 20:45:49,819 - INFO - Confounder validation for GBP_USD_lag_5: Valid=False, C->T p=0.0000, T->C p=0.0157
2025-06-30 20:45:49,987 - INFO - Confounder validation for CPI_lag_1: Valid=True, C->T p=0.0000, T->C p=0.2091
2025-06-30 20:45:50,175 - INFO - Confounder validation for CPI_lag_10: Valid=True, C->T p=0.0000, T->C p=0.0787
2025-06-30 20:45:50,343 - INFO - Confounder validation for CPI_lag_5: Valid=True, C->T p=0.0000, T->C p=0.4057
2025-06-30 20:45:50,510 - INFO - Confounder validation for UnemploymentRate_lag_10: Valid=True, C->T p=0.0000, T->C p=0.1859
2025-06-30 20:45:50,695 - INFO - Confounder validation for Rate_lag_1_diff: Valid=False, C->T p=0.7788, T->C p=0.7788
2025-06-30 20:45:50,857 - INFO - Confounder validation for UnemploymentRate_lag_1: Valid=True, C->T p=0.0000, T->C p=0.1819
2025-06-30 20:45:51,025 - INFO - Confounder validation for GBP_USD_lag_1: Valid=False, C->T p=0.0000, T->C p=0.0033
2025-06-30 20:45:51,192 - INFO - Confounder validation for CPI_lag_20: Valid=True, C->T p=0.0000, T->C p=0.9059
2025-06-30 20:45:51,369 - INFO - Confounder validation for UnemploymentRate_lag_5: Valid=True, C->T p=0.0000, T->C p=0.1808
2025-06-30 20:45:51,523 - INFO - Confounder validation for UnemploymentRate_lag_20: Valid=True, C->T p=0.0000, T->C p=0.8436
2025-06-30 20:45:51,685 - INFO - Confounder validation for GBP_USD_lag_10: Valid=False, C->T p=0.0000, T->C p=0.0000
2025-06-30 20:45:51,846 - INFO - Confounder validation for Rate_lag_5_diff: Valid=False, C->T p=0.7788, T->C p=0.7788
2025-06-30 20:45:52,007 - INFO - Confounder validation for GBP_USD_lag_20: Valid=False, C->T p=0.0000, T->C p=0.0000
2025-06-30 20:45:52,187 - INFO - Confounder validation for BB_Position_lag_5: Valid=False, C->T p=0.3990, T->C p=0.2237
2025-06-30 20:45:52,382 - INFO - Confounder validation for BB_Position_lag_3: Valid=False, C->T p=0.4522, T->C p=0.0991
2025-06-30 20:45:52,522 - INFO - Confounder validation for RSI_14_lag_1: Valid=False, C->T p=0.6399, T->C p=0.0152
2025-06-30 20:45:52,682 - INFO - Confounder validation for RSI_14_lag_3: Valid=False, C->T p=0.5778, T->C p=0.0714
2025-06-30 20:45:52,841 - INFO - Confounder validation for RSI_14_lag_5: Valid=False, C->T p=0.5170, T->C p=0.1561
2025-06-30 20:45:53,011 - INFO - Confounder validation for BB_Position_lag_1: Valid=False, C->T p=0.5417, T->C p=0.0040
2025-06-30 20:45:53,191 - INFO - Confounder validation for Daily_Return_lag_5: Valid=True, C->T p=0.0069, T->C p=0.2112
2025-06-30 20:45:53,342 - INFO - Confounder validation for Daily_Return_lag_1: Valid=False, C->T p=0.1962, T->C p=0.1345
2025-06-30 20:45:53,496 - INFO - Confounder validation for Daily_Return_lag_3: Valid=False, C->T p=0.0614, T->C p=0.1896
2025-06-30 20:45:53,668 - INFO - Confounder validation for Daily_Return_lag_2: Valid=False, C->T p=0.3446, T->C p=0.2117
2025-06-30 20:45:53,824 - INFO - Confounder validation for Volume_Ratio_lag_1: Valid=True, C->T p=0.0194, T->C p=0.2394
2025-06-30 20:45:53,838 - INFO - Model to find the causal effect of treatment ['Rate_lag_20_diff'] on outcome ['Target_Direction']
2025-06-30 20:45:54,170 - INFO - Causal effect can be identified.
2025-06-30 20:45:54,170 - INFO - Instrumental variables for treatment and outcome:[]
2025-06-30 20:45:54,170 - INFO - Frontdoor variables for treatment and outcome:[]
2025-06-30 20:45:54,170 - INFO - linear_regression
2025-06-30 20:45:54,170 - INFO - INFO: Using Linear Regression Estimator
2025-06-30 20:45:54,186 - INFO - b: Target_Direction~Rate_lag_20_diff+Daily_Return_lag_5+CPI_lag_10+UnemploymentRate_lag_10+CPI_lag_1+CPI_lag_20+CPI_lag_5+Volume_Ratio_lag_1+UnemploymentRate_lag_20+UnemploymentRate_lag_5+UnemploymentRate_lag_1
2025-06-30 20:45:54,215 - INFO - DoWhy estimate for Rate_lag_20_diff using backdoor.linear_regression: -0.0885
2025-06-30 20:45:54,215 - INFO - generalized_linear_model
2025-06-30 20:45:54,215 - INFO - INFO: Using Generalized Linear Model Estimator
2025-06-30 20:45:54,218 - INFO - b: Target_Direction~Sigmoid(Rate_lag_20_diff+Daily_Return_lag_5+CPI_lag_10+UnemploymentRate_lag_10+CPI_lag_1+CPI_lag_20+CPI_lag_5+Volume_Ratio_lag_1+UnemploymentRate_lag_20+UnemploymentRate_lag_5+UnemploymentRate_lag_1)
2025-06-30 20:45:54,268 - INFO - DoWhy estimate for Rate_lag_20_diff using backdoor.generalized_linear_model: -0.0878
2025-06-30 20:45:54,272 - INFO - Model to find the causal effect of treatment ['Rate_lag_20_diff_placebo'] on outcome ['Target_Direction']
2025-06-30 20:45:54,272 - WARNING - There are an additional 1 variables in the dataset that are not in the graph. Variable names are: '['Rate_lag_20_diff']'
2025-06-30 20:45:54,618 - INFO - Causal effect can be identified.
2025-06-30 20:45:54,618 - INFO - Instrumental variables for treatment and outcome:[]
2025-06-30 20:45:54,619 - INFO - Frontdoor variables for treatment and outcome:[]
2025-06-30 20:45:54,619 - INFO - linear_regression
2025-06-30 20:45:54,621 - INFO - INFO: Using Linear Regression Estimator
2025-06-30 20:45:54,622 - INFO - b: Target_Direction~Rate_lag_20_diff_placebo+Daily_Return_lag_5+CPI_lag_10+UnemploymentRate_lag_10+CPI_lag_1+CPI_lag_20+CPI_lag_5+Volume_Ratio_lag_1+UnemploymentRate_lag_20+UnemploymentRate_lag_5+UnemploymentRate_lag_1
2025-06-30 20:45:54,652 - INFO - Placebo test for Rate_lag_20_diff: -0.1563
2025-06-30 20:45:54,652 - ERROR - 'MockEstimate' object has no attribute 'estimator'
2025-06-30 20:45:54,652 - INFO - Refutation over 100 simulated datasets, each with a random common cause added
2025-06-30 20:45:54,657 - ERROR - Random common cause test failed for Rate_lag_20_diff: 'MockEstimate' object has no attribute 'estimator'
2025-06-30 20:45:54,658 - INFO - Analyzing causal effect of Rate_lag_20_diff on Target_Direction
2025-06-30 20:45:54,824 - INFO - Confounder validation for GBP_USD_lag_5: Valid=False, C->T p=0.0000, T->C p=0.0157
2025-06-30 20:45:55,001 - INFO - Confounder validation for CPI_lag_1: Valid=True, C->T p=0.0000, T->C p=0.2091
2025-06-30 20:45:55,165 - INFO - Confounder validation for CPI_lag_10: Valid=True, C->T p=0.0000, T->C p=0.0787
2025-06-30 20:45:55,333 - INFO - Confounder validation for CPI_lag_5: Valid=True, C->T p=0.0000, T->C p=0.4057
2025-06-30 20:45:55,482 - INFO - Confounder validation for UnemploymentRate_lag_10: Valid=True, C->T p=0.0000, T->C p=0.1859
2025-06-30 20:45:55,648 - INFO - Confounder validation for Rate_lag_1_diff: Valid=False, C->T p=0.7788, T->C p=0.7788
2025-06-30 20:45:55,832 - INFO - Confounder validation for UnemploymentRate_lag_1: Valid=True, C->T p=0.0000, T->C p=0.1819
2025-06-30 20:45:56,003 - INFO - Confounder validation for GBP_USD_lag_1: Valid=False, C->T p=0.0000, T->C p=0.0033
2025-06-30 20:45:56,190 - INFO - Confounder validation for CPI_lag_20: Valid=True, C->T p=0.0000, T->C p=0.9059
2025-06-30 20:45:56,340 - INFO - Confounder validation for UnemploymentRate_lag_5: Valid=True, C->T p=0.0000, T->C p=0.1808
2025-06-30 20:45:56,505 - INFO - Confounder validation for UnemploymentRate_lag_20: Valid=True, C->T p=0.0000, T->C p=0.8436
2025-06-30 20:45:56,681 - INFO - Confounder validation for GBP_USD_lag_10: Valid=False, C->T p=0.0000, T->C p=0.0000
2025-06-30 20:45:56,870 - INFO - Confounder validation for Rate_lag_5_diff: Valid=False, C->T p=0.7788, T->C p=0.7788
2025-06-30 20:45:57,021 - INFO - Confounder validation for GBP_USD_lag_20: Valid=False, C->T p=0.0000, T->C p=0.0000
2025-06-30 20:45:57,211 - INFO - Confounder validation for BB_Position_lag_5: Valid=False, C->T p=0.3990, T->C p=0.2237
2025-06-30 20:45:57,382 - INFO - Confounder validation for BB_Position_lag_3: Valid=False, C->T p=0.4522, T->C p=0.0991
2025-06-30 20:45:57,539 - INFO - Confounder validation for RSI_14_lag_1: Valid=False, C->T p=0.6399, T->C p=0.0152
2025-06-30 20:45:57,714 - INFO - Confounder validation for RSI_14_lag_3: Valid=False, C->T p=0.5778, T->C p=0.0714
2025-06-30 20:45:57,865 - INFO - Confounder validation for RSI_14_lag_5: Valid=False, C->T p=0.5170, T->C p=0.1561
2025-06-30 20:45:58,042 - INFO - Confounder validation for BB_Position_lag_1: Valid=False, C->T p=0.5417, T->C p=0.0040
2025-06-30 20:45:58,274 - INFO - Confounder validation for Daily_Return_lag_5: Valid=True, C->T p=0.0069, T->C p=0.2112
2025-06-30 20:45:58,422 - INFO - Confounder validation for Daily_Return_lag_1: Valid=False, C->T p=0.1962, T->C p=0.1345
2025-06-30 20:45:58,616 - INFO - Confounder validation for Daily_Return_lag_3: Valid=False, C->T p=0.0614, T->C p=0.1896
2025-06-30 20:45:58,771 - INFO - Confounder validation for Daily_Return_lag_2: Valid=False, C->T p=0.3446, T->C p=0.2117
2025-06-30 20:45:58,943 - INFO - Confounder validation for Volume_Ratio_lag_1: Valid=True, C->T p=0.0194, T->C p=0.2394
2025-06-30 20:45:58,951 - INFO - Model to find the causal effect of treatment ['Rate_lag_20_diff'] on outcome ['Target_Direction']
2025-06-30 20:45:59,311 - INFO - Causal effect can be identified.
2025-06-30 20:45:59,311 - INFO - Instrumental variables for treatment and outcome:[]
2025-06-30 20:45:59,320 - INFO - Frontdoor variables for treatment and outcome:[]
2025-06-30 20:45:59,320 - INFO - linear_regression
2025-06-30 20:45:59,320 - INFO - INFO: Using Linear Regression Estimator
2025-06-30 20:45:59,320 - INFO - b: Target_Direction~Rate_lag_20_diff+Daily_Return_lag_5+CPI_lag_10+UnemploymentRate_lag_10+CPI_lag_1+CPI_lag_20+CPI_lag_5+Volume_Ratio_lag_1+UnemploymentRate_lag_20+UnemploymentRate_lag_5+UnemploymentRate_lag_1
2025-06-30 20:45:59,342 - INFO - DoWhy estimate for Rate_lag_20_diff using backdoor.linear_regression: -0.0885
2025-06-30 20:45:59,342 - INFO - generalized_linear_model
2025-06-30 20:45:59,354 - INFO - INFO: Using Generalized Linear Model Estimator
2025-06-30 20:45:59,356 - INFO - b: Target_Direction~Sigmoid(Rate_lag_20_diff+Daily_Return_lag_5+CPI_lag_10+UnemploymentRate_lag_10+CPI_lag_1+CPI_lag_20+CPI_lag_5+Volume_Ratio_lag_1+UnemploymentRate_lag_20+UnemploymentRate_lag_5+UnemploymentRate_lag_1)
2025-06-30 20:45:59,405 - INFO - DoWhy estimate for Rate_lag_20_diff using backdoor.generalized_linear_model: -0.0878
2025-06-30 20:45:59,410 - INFO - Model to find the causal effect of treatment ['Rate_lag_20_diff_placebo'] on outcome ['Target_Direction']
2025-06-30 20:45:59,410 - WARNING - There are an additional 1 variables in the dataset that are not in the graph. Variable names are: '['Rate_lag_20_diff']'
2025-06-30 20:45:59,761 - INFO - Causal effect can be identified.
2025-06-30 20:45:59,761 - INFO - Instrumental variables for treatment and outcome:[]
2025-06-30 20:45:59,761 - INFO - Frontdoor variables for treatment and outcome:[]
2025-06-30 20:45:59,761 - INFO - linear_regression
2025-06-30 20:45:59,761 - INFO - INFO: Using Linear Regression Estimator
2025-06-30 20:45:59,766 - INFO - b: Target_Direction~Rate_lag_20_diff_placebo+Daily_Return_lag_5+CPI_lag_10+UnemploymentRate_lag_10+CPI_lag_1+CPI_lag_20+CPI_lag_5+Volume_Ratio_lag_1+UnemploymentRate_lag_20+UnemploymentRate_lag_5+UnemploymentRate_lag_1
2025-06-30 20:45:59,799 - INFO - Placebo test for Rate_lag_20_diff: 0.2377
2025-06-30 20:45:59,799 - ERROR - 'MockEstimate' object has no attribute 'estimator'
2025-06-30 20:45:59,799 - INFO - Refutation over 100 simulated datasets, each with a random common cause added
2025-06-30 20:45:59,803 - ERROR - Random common cause test failed for Rate_lag_20_diff: 'MockEstimate' object has no attribute 'estimator'
2025-06-30 20:45:59,804 - INFO - Analyzing causal effect of UnemploymentRate_lag_20 on Target_Direction
2025-06-30 20:45:59,981 - INFO - Confounder validation for GBP_USD_lag_5: Valid=False, C->T p=0.0000, T->C p=0.0000
2025-06-30 20:46:00,153 - INFO - Confounder validation for CPI_lag_1: Valid=False, C->T p=0.0000, T->C p=0.0022
2025-06-30 20:46:00,320 - INFO - Confounder validation for CPI_lag_10: Valid=False, C->T p=0.0000, T->C p=0.0026
2025-06-30 20:46:00,490 - INFO - Confounder validation for CPI_lag_5: Valid=False, C->T p=0.0000, T->C p=0.0021
2025-06-30 20:46:00,640 - INFO - Confounder validation for UnemploymentRate_lag_10: Valid=True, C->T p=0.0000, T->C p=0.0955
2025-06-30 20:46:00,804 - INFO - Confounder validation for Rate_lag_1_diff: Valid=False, C->T p=0.0668, T->C p=0.0000
2025-06-30 20:46:00,970 - INFO - Confounder validation for UnemploymentRate_lag_1: Valid=False, C->T p=0.0000, T->C p=0.0000
2025-06-30 20:46:01,137 - INFO - Confounder validation for GBP_USD_lag_1: Valid=False, C->T p=0.0000, T->C p=0.0000
2025-06-30 20:46:01,287 - INFO - Confounder validation for CPI_lag_20: Valid=False, C->T p=0.0000, T->C p=0.0026
2025-06-30 20:46:01,476 - INFO - Confounder validation for UnemploymentRate_lag_5: Valid=True, C->T p=0.0000, T->C p=0.7424
2025-06-30 20:46:01,638 - INFO - Confounder validation for Rate_lag_20_diff: Valid=False, C->T p=0.8436, T->C p=0.0000
2025-06-30 20:46:01,788 - INFO - Confounder validation for GBP_USD_lag_10: Valid=False, C->T p=0.0001, T->C p=0.0000
2025-06-30 20:46:01,973 - INFO - Confounder validation for Rate_lag_5_diff: Valid=False, C->T p=0.0395, T->C p=0.0000
2025-06-30 20:46:02,162 - INFO - Confounder validation for GBP_USD_lag_20: Valid=False, C->T p=0.0000, T->C p=0.0000
2025-06-30 20:46:02,331 - INFO - Confounder validation for BB_Position_lag_5: Valid=False, C->T p=0.3259, T->C p=0.2446
2025-06-30 20:46:02,490 - INFO - Confounder validation for BB_Position_lag_3: Valid=False, C->T p=0.4514, T->C p=0.2123
2025-06-30 20:46:02,668 - INFO - Confounder validation for RSI_14_lag_1: Valid=False, C->T p=0.1185, T->C p=0.5209
2025-06-30 20:46:02,851 - INFO - Confounder validation for RSI_14_lag_3: Valid=False, C->T p=0.4805, T->C p=0.4108
2025-06-30 20:46:03,005 - INFO - Confounder validation for RSI_14_lag_5: Valid=False, C->T p=0.1680, T->C p=0.2754
2025-06-30 20:46:03,183 - INFO - Confounder validation for BB_Position_lag_1: Valid=False, C->T p=0.2895, T->C p=0.3453
2025-06-30 20:46:03,353 - INFO - Confounder validation for Daily_Return_lag_5: Valid=True, C->T p=0.0193, T->C p=0.2747
2025-06-30 20:46:03,524 - INFO - Confounder validation for Daily_Return_lag_1: Valid=True, C->T p=0.0317, T->C p=0.9160
2025-06-30 20:46:03,716 - INFO - Confounder validation for Daily_Return_lag_3: Valid=False, C->T p=0.3390, T->C p=0.6499
2025-06-30 20:46:03,902 - INFO - Confounder validation for Daily_Return_lag_2: Valid=True, C->T p=0.0432, T->C p=0.5390
2025-06-30 20:46:04,066 - INFO - Confounder validation for Volume_Ratio_lag_1: Valid=False, C->T p=0.2823, T->C p=0.5976
2025-06-30 20:46:04,071 - INFO - Model to find the causal effect of treatment ['UnemploymentRate_lag_20'] on outcome ['Target_Direction']
2025-06-30 20:46:04,080 - INFO - Causal effect can be identified.
2025-06-30 20:46:04,086 - INFO - Instrumental variables for treatment and outcome:[]
2025-06-30 20:46:04,086 - INFO - Frontdoor variables for treatment and outcome:[]
2025-06-30 20:46:04,086 - INFO - linear_regression
2025-06-30 20:46:04,088 - INFO - INFO: Using Linear Regression Estimator
2025-06-30 20:46:04,090 - INFO - b: Target_Direction~UnemploymentRate_lag_20+Daily_Return_lag_5+UnemploymentRate_lag_10+Daily_Return_lag_1+UnemploymentRate_lag_5+Daily_Return_lag_2
2025-06-30 20:46:04,114 - INFO - DoWhy estimate for UnemploymentRate_lag_20 using backdoor.linear_regression: -0.0268
2025-06-30 20:46:04,117 - INFO - generalized_linear_model
2025-06-30 20:46:04,117 - INFO - INFO: Using Generalized Linear Model Estimator
2025-06-30 20:46:04,118 - INFO - b: Target_Direction~Sigmoid(UnemploymentRate_lag_20+Daily_Return_lag_5+UnemploymentRate_lag_10+Daily_Return_lag_1+UnemploymentRate_lag_5+Daily_Return_lag_2)
2025-06-30 20:46:04,161 - INFO - DoWhy estimate for UnemploymentRate_lag_20 using backdoor.generalized_linear_model: -0.0256
2025-06-30 20:46:04,166 - INFO - Model to find the causal effect of treatment ['UnemploymentRate_lag_20_placebo'] on outcome ['Target_Direction']
2025-06-30 20:46:04,167 - WARNING - There are an additional 1 variables in the dataset that are not in the graph. Variable names are: '['UnemploymentRate_lag_20']'
2025-06-30 20:46:04,179 - INFO - Causal effect can be identified.
2025-06-30 20:46:04,181 - INFO - Instrumental variables for treatment and outcome:[]
2025-06-30 20:46:04,182 - INFO - Frontdoor variables for treatment and outcome:[]
2025-06-30 20:46:04,182 - INFO - linear_regression
2025-06-30 20:46:04,183 - INFO - INFO: Using Linear Regression Estimator
2025-06-30 20:46:04,184 - INFO - b: Target_Direction~UnemploymentRate_lag_20_placebo+Daily_Return_lag_5+UnemploymentRate_lag_10+Daily_Return_lag_1+UnemploymentRate_lag_5+Daily_Return_lag_2
2025-06-30 20:46:04,214 - INFO - Placebo test for UnemploymentRate_lag_20: 0.0090
2025-06-30 20:46:04,214 - ERROR - 'MockEstimate' object has no attribute 'estimator'
2025-06-30 20:46:04,214 - INFO - Refutation over 100 simulated datasets, each with a random common cause added
2025-06-30 20:46:04,217 - ERROR - Random common cause test failed for UnemploymentRate_lag_20: 'MockEstimate' object has no attribute 'estimator'
2025-06-30 20:46:04,217 - INFO - Analyzing causal effect of Volume_Ratio_lag_1 on Target_Direction
2025-06-30 20:46:04,437 - INFO - Confounder validation for GBP_USD_lag_5: Valid=False, C->T p=0.0000, T->C p=0.0000
2025-06-30 20:46:04,617 - INFO - Confounder validation for CPI_lag_1: Valid=False, C->T p=0.3713, T->C p=0.0510
2025-06-30 20:46:04,812 - INFO - Confounder validation for CPI_lag_10: Valid=False, C->T p=0.1351, T->C p=0.1632
2025-06-30 20:46:05,006 - INFO - Confounder validation for CPI_lag_5: Valid=False, C->T p=0.0000, T->C p=0.0438
2025-06-30 20:46:05,184 - INFO - Confounder validation for UnemploymentRate_lag_10: Valid=False, C->T p=0.0009, T->C p=0.0344
2025-06-30 20:46:05,370 - INFO - Confounder validation for Rate_lag_1_diff: Valid=False, C->T p=0.6127, T->C p=0.1163
2025-06-30 20:46:05,549 - INFO - Confounder validation for UnemploymentRate_lag_1: Valid=False, C->T p=0.1149, T->C p=0.0013
2025-06-30 20:46:05,723 - INFO - Confounder validation for GBP_USD_lag_1: Valid=False, C->T p=0.1242, T->C p=0.0000
2025-06-30 20:46:05,919 - INFO - Confounder validation for CPI_lag_20: Valid=True, C->T p=0.0117, T->C p=0.1211
2025-06-30 20:46:06,085 - INFO - Confounder validation for UnemploymentRate_lag_5: Valid=True, C->T p=0.0004, T->C p=0.0708
2025-06-30 20:46:06,254 - INFO - Confounder validation for Rate_lag_20_diff: Valid=False, C->T p=0.2394, T->C p=0.0194
2025-06-30 20:46:06,422 - INFO - Confounder validation for UnemploymentRate_lag_20: Valid=False, C->T p=0.5976, T->C p=0.2823
2025-06-30 20:46:06,605 - INFO - Confounder validation for GBP_USD_lag_10: Valid=True, C->T p=0.0011, T->C p=0.1458
2025-06-30 20:46:06,769 - INFO - Confounder validation for Rate_lag_5_diff: Valid=False, C->T p=0.0365, T->C p=0.0019
2025-06-30 20:46:06,955 - INFO - Confounder validation for GBP_USD_lag_20: Valid=False, C->T p=0.5385, T->C p=0.1337
2025-06-30 20:46:07,143 - INFO - Confounder validation for BB_Position_lag_5: Valid=False, C->T p=0.0223, T->C p=0.0002
2025-06-30 20:46:07,309 - INFO - Confounder validation for BB_Position_lag_3: Valid=False, C->T p=0.0003, T->C p=0.0004
2025-06-30 20:46:07,479 - INFO - Confounder validation for RSI_14_lag_1: Valid=False, C->T p=0.0000, T->C p=0.0421
2025-06-30 20:46:07,716 - INFO - Confounder validation for RSI_14_lag_3: Valid=False, C->T p=0.0019, T->C p=0.0000
2025-06-30 20:46:07,886 - INFO - Confounder validation for RSI_14_lag_5: Valid=False, C->T p=0.1062, T->C p=0.0000
2025-06-30 20:46:08,052 - INFO - Confounder validation for BB_Position_lag_1: Valid=True, C->T p=0.0000, T->C p=0.1050
2025-06-30 20:46:08,254 - INFO - Confounder validation for Daily_Return_lag_5: Valid=False, C->T p=0.0601, T->C p=0.0000
2025-06-30 20:46:08,400 - INFO - Confounder validation for Daily_Return_lag_1: Valid=True, C->T p=0.0002, T->C p=0.0655
2025-06-30 20:46:08,563 - INFO - Confounder validation for Daily_Return_lag_3: Valid=False, C->T p=0.0097, T->C p=0.0000
2025-06-30 20:46:08,738 - INFO - Confounder validation for Daily_Return_lag_2: Valid=False, C->T p=0.0003, T->C p=0.0000
2025-06-30 20:46:08,746 - INFO - Model to find the causal effect of treatment ['Volume_Ratio_lag_1'] on outcome ['Target_Direction']
2025-06-30 20:46:08,763 - INFO - Causal effect can be identified.
2025-06-30 20:46:08,764 - INFO - Instrumental variables for treatment and outcome:[]
2025-06-30 20:46:08,764 - INFO - Frontdoor variables for treatment and outcome:[]
2025-06-30 20:46:08,764 - INFO - linear_regression
2025-06-30 20:46:08,766 - INFO - INFO: Using Linear Regression Estimator
2025-06-30 20:46:08,766 - INFO - b: Target_Direction~Volume_Ratio_lag_1+CPI_lag_20+GBP_USD_lag_10+Daily_Return_lag_1+UnemploymentRate_lag_5+BB_Position_lag_1
2025-06-30 20:46:08,798 - INFO - DoWhy estimate for Volume_Ratio_lag_1 using backdoor.linear_regression: 0.0058
2025-06-30 20:46:08,798 - INFO - generalized_linear_model
2025-06-30 20:46:08,799 - INFO - INFO: Using Generalized Linear Model Estimator
2025-06-30 20:46:08,800 - INFO - b: Target_Direction~Sigmoid(Volume_Ratio_lag_1+CPI_lag_20+GBP_USD_lag_10+Daily_Return_lag_1+UnemploymentRate_lag_5+BB_Position_lag_1)
2025-06-30 20:46:08,823 - INFO - DoWhy estimate for Volume_Ratio_lag_1 using backdoor.generalized_linear_model: 0.0058
2025-06-30 20:46:08,837 - INFO - Model to find the causal effect of treatment ['Volume_Ratio_lag_1_placebo'] on outcome ['Target_Direction']
2025-06-30 20:46:08,838 - WARNING - There are an additional 1 variables in the dataset that are not in the graph. Variable names are: '['Volume_Ratio_lag_1']'
2025-06-30 20:46:08,854 - INFO - Causal effect can be identified.
2025-06-30 20:46:08,856 - INFO - Instrumental variables for treatment and outcome:[]
2025-06-30 20:46:08,858 - INFO - Frontdoor variables for treatment and outcome:[]
2025-06-30 20:46:08,858 - INFO - linear_regression
2025-06-30 20:46:08,859 - INFO - INFO: Using Linear Regression Estimator
2025-06-30 20:46:08,860 - INFO - b: Target_Direction~Volume_Ratio_lag_1_placebo+CPI_lag_20+GBP_USD_lag_10+Daily_Return_lag_1+UnemploymentRate_lag_5+BB_Position_lag_1
2025-06-30 20:46:08,891 - INFO - Placebo test for Volume_Ratio_lag_1: -0.0003
2025-06-30 20:46:08,891 - ERROR - 'MockEstimate' object has no attribute 'estimator'
2025-06-30 20:46:08,891 - INFO - Refutation over 100 simulated datasets, each with a random common cause added
2025-06-30 20:46:08,894 - ERROR - Random common cause test failed for Volume_Ratio_lag_1: 'MockEstimate' object has no attribute 'estimator'
2025-06-30 20:46:08,896 - INFO - Analyzing causal effect of GBP_USD_lag_10 on Target_Direction
2025-06-30 20:46:09,085 - INFO - Confounder validation for GBP_USD_lag_5: Valid=False, C->T p=0.0000, T->C p=0.0000
2025-06-30 20:46:09,237 - INFO - Confounder validation for CPI_lag_1: Valid=True, C->T p=0.0000, T->C p=0.4543
2025-06-30 20:46:09,398 - INFO - Confounder validation for CPI_lag_10: Valid=True, C->T p=0.0000, T->C p=0.4273
2025-06-30 20:46:09,566 - INFO - Confounder validation for CPI_lag_5: Valid=True, C->T p=0.0000, T->C p=0.4564
2025-06-30 20:46:09,747 - INFO - Confounder validation for UnemploymentRate_lag_10: Valid=False, C->T p=0.0000, T->C p=0.0000
2025-06-30 20:46:09,888 - INFO - Confounder validation for Rate_lag_1_diff: Valid=False, C->T p=0.0031, T->C p=0.0000
2025-06-30 20:46:10,070 - INFO - Confounder validation for UnemploymentRate_lag_1: Valid=False, C->T p=0.0000, T->C p=0.0000
2025-06-30 20:46:10,222 - INFO - Confounder validation for GBP_USD_lag_1: Valid=False, C->T p=0.0000, T->C p=0.0000
2025-06-30 20:46:10,400 - INFO - Confounder validation for CPI_lag_20: Valid=False, C->T p=0.0583, T->C p=0.3419
2025-06-30 20:46:10,552 - INFO - Confounder validation for UnemploymentRate_lag_5: Valid=False, C->T p=0.0000, T->C p=0.0000
2025-06-30 20:46:10,708 - INFO - Confounder validation for Rate_lag_20_diff: Valid=False, C->T p=0.0000, T->C p=0.0000
2025-06-30 20:46:10,868 - INFO - Confounder validation for UnemploymentRate_lag_20: Valid=False, C->T p=0.0000, T->C p=0.0001
2025-06-30 20:46:11,057 - INFO - Confounder validation for Rate_lag_5_diff: Valid=False, C->T p=0.0026, T->C p=0.0000
2025-06-30 20:46:11,221 - INFO - Confounder validation for GBP_USD_lag_20: Valid=False, C->T p=0.0000, T->C p=0.0000
2025-06-30 20:46:11,369 - INFO - Confounder validation for BB_Position_lag_5: Valid=False, C->T p=0.0002, T->C p=0.0335
2025-06-30 20:46:11,535 - INFO - Confounder validation for BB_Position_lag_3: Valid=True, C->T p=0.0023, T->C p=0.5775
2025-06-30 20:46:11,711 - INFO - Confounder validation for RSI_14_lag_1: Valid=True, C->T p=0.0003, T->C p=0.5175
2025-06-30 20:46:11,888 - INFO - Confounder validation for RSI_14_lag_3: Valid=True, C->T p=0.0015, T->C p=0.7494
2025-06-30 20:46:12,051 - INFO - Confounder validation for RSI_14_lag_5: Valid=False, C->T p=0.0002, T->C p=0.0087
2025-06-30 20:46:12,216 - INFO - Confounder validation for BB_Position_lag_1: Valid=True, C->T p=0.0062, T->C p=0.3111
2025-06-30 20:46:12,365 - INFO - Confounder validation for Daily_Return_lag_5: Valid=False, C->T p=0.0000, T->C p=0.0010
2025-06-30 20:46:12,537 - INFO - Confounder validation for Daily_Return_lag_1: Valid=True, C->T p=0.0005, T->C p=0.2205
2025-06-30 20:46:12,707 - INFO - Confounder validation for Daily_Return_lag_3: Valid=True, C->T p=0.0002, T->C p=0.5338
2025-06-30 20:46:12,870 - INFO - Confounder validation for Daily_Return_lag_2: Valid=True, C->T p=0.0006, T->C p=0.2754
2025-06-30 20:46:13,002 - INFO - Confounder validation for Volume_Ratio_lag_1: Valid=False, C->T p=0.1458, T->C p=0.0011
2025-06-30 20:46:13,019 - INFO - Model to find the causal effect of treatment ['GBP_USD_lag_10'] on outcome ['Target_Direction']
2025-06-30 20:46:13,363 - INFO - Causal effect can be identified.
2025-06-30 20:46:13,363 - INFO - Instrumental variables for treatment and outcome:[]
2025-06-30 20:46:13,363 - INFO - Frontdoor variables for treatment and outcome:[]
2025-06-30 20:46:13,363 - INFO - linear_regression
2025-06-30 20:46:13,363 - INFO - INFO: Using Linear Regression Estimator
2025-06-30 20:46:13,376 - INFO - b: Target_Direction~GBP_USD_lag_10+CPI_lag_10+BB_Position_lag_3+Daily_Return_lag_3+CPI_lag_1+CPI_lag_5+RSI_14_lag_3+Daily_Return_lag_1+Daily_Return_lag_2+RSI_14_lag_1+BB_Position_lag_1
2025-06-30 20:46:13,406 - INFO - DoWhy estimate for GBP_USD_lag_10 using backdoor.linear_regression: 0.0138
2025-06-30 20:46:13,407 - INFO - generalized_linear_model
2025-06-30 20:46:13,407 - INFO - INFO: Using Generalized Linear Model Estimator
2025-06-30 20:46:13,409 - INFO - b: Target_Direction~Sigmoid(GBP_USD_lag_10+CPI_lag_10+BB_Position_lag_3+Daily_Return_lag_3+CPI_lag_1+CPI_lag_5+RSI_14_lag_3+Daily_Return_lag_1+Daily_Return_lag_2+RSI_14_lag_1+BB_Position_lag_1)
2025-06-30 20:46:13,455 - INFO - DoWhy estimate for GBP_USD_lag_10 using backdoor.generalized_linear_model: 0.0138
2025-06-30 20:46:13,460 - INFO - Model to find the causal effect of treatment ['GBP_USD_lag_10_placebo'] on outcome ['Target_Direction']
2025-06-30 20:46:13,460 - WARNING - There are an additional 1 variables in the dataset that are not in the graph. Variable names are: '['GBP_USD_lag_10']'
2025-06-30 20:46:13,798 - INFO - Causal effect can be identified.
2025-06-30 20:46:13,798 - INFO - Instrumental variables for treatment and outcome:[]
2025-06-30 20:46:13,798 - INFO - Frontdoor variables for treatment and outcome:[]
2025-06-30 20:46:13,798 - INFO - linear_regression
2025-06-30 20:46:13,802 - INFO - INFO: Using Linear Regression Estimator
2025-06-30 20:46:13,803 - INFO - b: Target_Direction~GBP_USD_lag_10_placebo+CPI_lag_10+BB_Position_lag_3+Daily_Return_lag_3+CPI_lag_1+CPI_lag_5+RSI_14_lag_3+Daily_Return_lag_1+Daily_Return_lag_2+RSI_14_lag_1+BB_Position_lag_1
2025-06-30 20:46:13,834 - INFO - Placebo test for GBP_USD_lag_10: -0.0163
2025-06-30 20:46:13,835 - ERROR - 'MockEstimate' object has no attribute 'estimator'
2025-06-30 20:46:13,835 - INFO - Refutation over 100 simulated datasets, each with a random common cause added
2025-06-30 20:46:13,838 - ERROR - Random common cause test failed for GBP_USD_lag_10: 'MockEstimate' object has no attribute 'estimator'
2025-06-30 20:46:13,840 - INFO - Analyzing causal effect of BB_Position_lag_5 on Target_Direction
2025-06-30 20:46:14,003 - INFO - Confounder validation for GBP_USD_lag_5: Valid=False, C->T p=0.0899, T->C p=0.0000
2025-06-30 20:46:14,178 - INFO - Confounder validation for CPI_lag_1: Valid=False, C->T p=0.0832, T->C p=0.5058
2025-06-30 20:46:14,380 - INFO - Confounder validation for CPI_lag_10: Valid=False, C->T p=0.1028, T->C p=0.3101
2025-06-30 20:46:14,550 - INFO - Confounder validation for CPI_lag_5: Valid=False, C->T p=0.3038, T->C p=0.7732
2025-06-30 20:46:14,729 - INFO - Confounder validation for UnemploymentRate_lag_10: Valid=False, C->T p=0.4581, T->C p=0.1266
2025-06-30 20:46:14,900 - INFO - Confounder validation for Rate_lag_1_diff: Valid=True, C->T p=0.0011, T->C p=0.3456
2025-06-30 20:46:15,058 - INFO - Confounder validation for UnemploymentRate_lag_1: Valid=False, C->T p=0.1770, T->C p=0.0047
2025-06-30 20:46:15,222 - INFO - Confounder validation for GBP_USD_lag_1: Valid=False, C->T p=0.0000, T->C p=0.0042
2025-06-30 20:46:15,378 - INFO - Confounder validation for CPI_lag_20: Valid=True, C->T p=0.0062, T->C p=0.4605
2025-06-30 20:46:15,534 - INFO - Confounder validation for UnemploymentRate_lag_5: Valid=False, C->T p=0.3605, T->C p=0.0098
2025-06-30 20:46:15,701 - INFO - Confounder validation for Rate_lag_20_diff: Valid=False, C->T p=0.2237, T->C p=0.3990
2025-06-30 20:46:15,865 - INFO - Confounder validation for UnemploymentRate_lag_20: Valid=False, C->T p=0.2446, T->C p=0.3259
2025-06-30 20:46:16,034 - INFO - Confounder validation for GBP_USD_lag_10: Valid=False, C->T p=0.0335, T->C p=0.0002
2025-06-30 20:46:16,191 - INFO - Confounder validation for Rate_lag_5_diff: Valid=False, C->T p=0.0556, T->C p=0.0080
2025-06-30 20:46:16,369 - INFO - Confounder validation for GBP_USD_lag_20: Valid=True, C->T p=0.0099, T->C p=0.1788
2025-06-30 20:46:16,527 - INFO - Confounder validation for BB_Position_lag_3: Valid=False, C->T p=0.0000, T->C p=0.0103
2025-06-30 20:46:16,681 - INFO - Confounder validation for RSI_14_lag_1: Valid=True, C->T p=0.0000, T->C p=0.0687
2025-06-30 20:46:16,855 - INFO - Confounder validation for RSI_14_lag_3: Valid=True, C->T p=0.0000, T->C p=0.2126
2025-06-30 20:46:17,036 - INFO - Confounder validation for RSI_14_lag_5: Valid=False, C->T p=0.0160, T->C p=0.0263
2025-06-30 20:46:17,201 - INFO - Confounder validation for BB_Position_lag_1: Valid=False, C->T p=0.0000, T->C p=0.0003
2025-06-30 20:46:17,360 - INFO - Confounder validation for Daily_Return_lag_5: Valid=True, C->T p=0.0003, T->C p=0.1028
2025-06-30 20:46:17,517 - INFO - Confounder validation for Daily_Return_lag_1: Valid=False, C->T p=0.0000, T->C p=0.0331
2025-06-30 20:46:17,701 - INFO - Confounder validation for Daily_Return_lag_3: Valid=False, C->T p=0.0000, T->C p=0.0387
2025-06-30 20:46:17,881 - INFO - Confounder validation for Daily_Return_lag_2: Valid=True, C->T p=0.0000, T->C p=0.0762
2025-06-30 20:46:18,044 - INFO - Confounder validation for Volume_Ratio_lag_1: Valid=False, C->T p=0.0002, T->C p=0.0223
2025-06-30 20:46:18,050 - INFO - Model to find the causal effect of treatment ['BB_Position_lag_5'] on outcome ['Target_Direction']
2025-06-30 20:46:18,086 - INFO - Causal effect can be identified.
2025-06-30 20:46:18,086 - INFO - Instrumental variables for treatment and outcome:[]
2025-06-30 20:46:18,086 - INFO - Frontdoor variables for treatment and outcome:[]
2025-06-30 20:46:18,086 - INFO - linear_regression
2025-06-30 20:46:18,096 - INFO - INFO: Using Linear Regression Estimator
2025-06-30 20:46:18,096 - INFO - b: Target_Direction~BB_Position_lag_5+Daily_Return_lag_5+Rate_lag_1_diff+GBP_USD_lag_20+CPI_lag_20+RSI_14_lag_3+Daily_Return_lag_2+RSI_14_lag_1
2025-06-30 20:46:18,126 - INFO - DoWhy estimate for BB_Position_lag_5 using backdoor.linear_regression: -0.0318
2025-06-30 20:46:18,126 - INFO - generalized_linear_model
2025-06-30 20:46:18,126 - INFO - INFO: Using Generalized Linear Model Estimator
2025-06-30 20:46:18,129 - INFO - b: Target_Direction~Sigmoid(BB_Position_lag_5+Daily_Return_lag_5+Rate_lag_1_diff+GBP_USD_lag_20+CPI_lag_20+RSI_14_lag_3+Daily_Return_lag_2+RSI_14_lag_1)
2025-06-30 20:46:18,170 - INFO - DoWhy estimate for BB_Position_lag_5 using backdoor.generalized_linear_model: -0.0318
2025-06-30 20:46:18,176 - INFO - Model to find the causal effect of treatment ['BB_Position_lag_5_placebo'] on outcome ['Target_Direction']
2025-06-30 20:46:18,176 - WARNING - There are an additional 1 variables in the dataset that are not in the graph. Variable names are: '['BB_Position_lag_5']'
2025-06-30 20:46:18,222 - INFO - Causal effect can be identified.
2025-06-30 20:46:18,228 - INFO - Instrumental variables for treatment and outcome:[]
2025-06-30 20:46:18,229 - INFO - Frontdoor variables for treatment and outcome:[]
2025-06-30 20:46:18,229 - INFO - linear_regression
2025-06-30 20:46:18,229 - INFO - INFO: Using Linear Regression Estimator
2025-06-30 20:46:18,229 - INFO - b: Target_Direction~BB_Position_lag_5_placebo+Daily_Return_lag_5+GBP_USD_lag_20+Rate_lag_1_diff+CPI_lag_20+RSI_14_lag_3+Daily_Return_lag_2+RSI_14_lag_1
2025-06-30 20:46:18,259 - INFO - Placebo test for BB_Position_lag_5: 0.0251
2025-06-30 20:46:18,260 - ERROR - 'MockEstimate' object has no attribute 'estimator'
2025-06-30 20:46:18,260 - INFO - Refutation over 100 simulated datasets, each with a random common cause added
2025-06-30 20:46:18,260 - ERROR - Random common cause test failed for BB_Position_lag_5: 'MockEstimate' object has no attribute 'estimator'
2025-06-30 20:46:18,260 - INFO - Analyzing causal effect of BB_Position_lag_3 on Target_Direction
2025-06-30 20:46:18,472 - INFO - Confounder validation for GBP_USD_lag_5: Valid=False, C->T p=0.1859, T->C p=0.0000
2025-06-30 20:46:18,655 - INFO - Confounder validation for CPI_lag_1: Valid=False, C->T p=0.1107, T->C p=0.7509
2025-06-30 20:46:18,808 - INFO - Confounder validation for CPI_lag_10: Valid=False, C->T p=0.3558, T->C p=0.5643
2025-06-30 20:46:18,952 - INFO - Confounder validation for CPI_lag_5: Valid=False, C->T p=0.1289, T->C p=0.7731
2025-06-30 20:46:19,116 - INFO - Confounder validation for UnemploymentRate_lag_10: Valid=False, C->T p=0.2058, T->C p=0.0728
2025-06-30 20:46:19,287 - INFO - Confounder validation for Rate_lag_1_diff: Valid=False, C->T p=0.0512, T->C p=0.2314
2025-06-30 20:46:19,463 - INFO - Confounder validation for UnemploymentRate_lag_1: Valid=False, C->T p=0.5896, T->C p=0.0411
2025-06-30 20:46:19,603 - INFO - Confounder validation for GBP_USD_lag_1: Valid=True, C->T p=0.0000, T->C p=0.2089
2025-06-30 20:46:19,752 - INFO - Confounder validation for CPI_lag_20: Valid=True, C->T p=0.0108, T->C p=0.6878
2025-06-30 20:46:19,916 - INFO - Confounder validation for UnemploymentRate_lag_5: Valid=False, C->T p=0.1540, T->C p=0.0496
2025-06-30 20:46:20,084 - INFO - Confounder validation for Rate_lag_20_diff: Valid=False, C->T p=0.0991, T->C p=0.4522
2025-06-30 20:46:20,249 - INFO - Confounder validation for UnemploymentRate_lag_20: Valid=False, C->T p=0.2123, T->C p=0.4514
2025-06-30 20:46:20,402 - INFO - Confounder validation for GBP_USD_lag_10: Valid=False, C->T p=0.5775, T->C p=0.0023
2025-06-30 20:46:20,557 - INFO - Confounder validation for Rate_lag_5_diff: Valid=False, C->T p=0.0563, T->C p=0.0023
2025-06-30 20:46:20,730 - INFO - Confounder validation for GBP_USD_lag_20: Valid=True, C->T p=0.0083, T->C p=0.1493
2025-06-30 20:46:20,887 - INFO - Confounder validation for BB_Position_lag_5: Valid=False, C->T p=0.0103, T->C p=0.0000
2025-06-30 20:46:21,072 - INFO - Confounder validation for RSI_14_lag_1: Valid=True, C->T p=0.0000, T->C p=0.1814
2025-06-30 20:46:21,226 - INFO - Confounder validation for RSI_14_lag_3: Valid=False, C->T p=0.0147, T->C p=0.0265
2025-06-30 20:46:21,391 - INFO - Confounder validation for RSI_14_lag_5: Valid=False, C->T p=0.0019, T->C p=0.0000
2025-06-30 20:46:21,559 - INFO - Confounder validation for BB_Position_lag_1: Valid=False, C->T p=0.0000, T->C p=0.0088
2025-06-30 20:46:21,707 - INFO - Confounder validation for Daily_Return_lag_5: Valid=False, C->T p=0.0006, T->C p=0.0000
2025-06-30 20:46:21,849 - INFO - Confounder validation for Daily_Return_lag_1: Valid=False, C->T p=0.0000, T->C p=0.0366
2025-06-30 20:46:22,048 - INFO - Confounder validation for Daily_Return_lag_3: Valid=True, C->T p=0.0002, T->C p=0.0987
2025-06-30 20:46:22,232 - INFO - Confounder validation for Daily_Return_lag_2: Valid=True, C->T p=0.0000, T->C p=0.1135
2025-06-30 20:46:22,367 - INFO - Confounder validation for Volume_Ratio_lag_1: Valid=False, C->T p=0.0004, T->C p=0.0003
2025-06-30 20:46:22,385 - INFO - Model to find the causal effect of treatment ['BB_Position_lag_3'] on outcome ['Target_Direction']
2025-06-30 20:46:22,412 - INFO - Causal effect can be identified.
2025-06-30 20:46:22,414 - INFO - Instrumental variables for treatment and outcome:[]
2025-06-30 20:46:22,415 - INFO - Frontdoor variables for treatment and outcome:[]
2025-06-30 20:46:22,415 - INFO - linear_regression
2025-06-30 20:46:22,416 - INFO - INFO: Using Linear Regression Estimator
2025-06-30 20:46:22,417 - INFO - b: Target_Direction~BB_Position_lag_3+GBP_USD_lag_20+Daily_Return_lag_3+CPI_lag_20+GBP_USD_lag_1+Daily_Return_lag_2+RSI_14_lag_1
2025-06-30 20:46:22,442 - INFO - DoWhy estimate for BB_Position_lag_3 using backdoor.linear_regression: -0.0024
2025-06-30 20:46:22,442 - INFO - generalized_linear_model
2025-06-30 20:46:22,448 - INFO - INFO: Using Generalized Linear Model Estimator
2025-06-30 20:46:22,449 - INFO - b: Target_Direction~Sigmoid(BB_Position_lag_3+GBP_USD_lag_20+Daily_Return_lag_3+CPI_lag_20+GBP_USD_lag_1+Daily_Return_lag_2+RSI_14_lag_1)
2025-06-30 20:46:22,475 - INFO - DoWhy estimate for BB_Position_lag_3 using backdoor.generalized_linear_model: -0.0024
2025-06-30 20:46:22,486 - INFO - Model to find the causal effect of treatment ['BB_Position_lag_3_placebo'] on outcome ['Target_Direction']
2025-06-30 20:46:22,486 - WARNING - There are an additional 1 variables in the dataset that are not in the graph. Variable names are: '['BB_Position_lag_3']'
2025-06-30 20:46:22,509 - INFO - Causal effect can be identified.
2025-06-30 20:46:22,511 - INFO - Instrumental variables for treatment and outcome:[]
2025-06-30 20:46:22,511 - INFO - Frontdoor variables for treatment and outcome:[]
2025-06-30 20:46:22,512 - INFO - linear_regression
2025-06-30 20:46:22,512 - INFO - INFO: Using Linear Regression Estimator
2025-06-30 20:46:22,513 - INFO - b: Target_Direction~BB_Position_lag_3_placebo+GBP_USD_lag_20+Daily_Return_lag_3+CPI_lag_20+GBP_USD_lag_1+Daily_Return_lag_2+RSI_14_lag_1
2025-06-30 20:46:22,536 - INFO - Placebo test for BB_Position_lag_3: -0.0088
2025-06-30 20:46:22,536 - ERROR - 'MockEstimate' object has no attribute 'estimator'
2025-06-30 20:46:22,536 - INFO - Refutation over 100 simulated datasets, each with a random common cause added
2025-06-30 20:46:22,545 - ERROR - Random common cause test failed for BB_Position_lag_3: 'MockEstimate' object has no attribute 'estimator'
2025-06-30 20:46:22,545 - INFO - Analyzing causal effect of RSI_14_lag_1 on Target_Direction
2025-06-30 20:46:22,735 - INFO - Confounder validation for GBP_USD_lag_5: Valid=False, C->T p=0.0087, T->C p=0.0000
2025-06-30 20:46:22,884 - INFO - Confounder validation for CPI_lag_1: Valid=False, C->T p=0.0729, T->C p=0.5449
2025-06-30 20:46:23,058 - INFO - Confounder validation for CPI_lag_10: Valid=False, C->T p=0.0533, T->C p=0.8243
2025-06-30 20:46:23,230 - INFO - Confounder validation for CPI_lag_5: Valid=False, C->T p=0.3106, T->C p=0.9103
2025-06-30 20:46:23,367 - INFO - Confounder validation for UnemploymentRate_lag_10: Valid=False, C->T p=0.0328, T->C p=0.0075
2025-06-30 20:46:23,533 - INFO - Confounder validation for Rate_lag_1_diff: Valid=True, C->T p=0.0149, T->C p=0.3806
2025-06-30 20:46:23,710 - INFO - Confounder validation for UnemploymentRate_lag_1: Valid=False, C->T p=0.0831, T->C p=0.0050
2025-06-30 20:46:23,867 - INFO - Confounder validation for GBP_USD_lag_1: Valid=False, C->T p=0.0381, T->C p=0.0000
2025-06-30 20:46:24,033 - INFO - Confounder validation for CPI_lag_20: Valid=False, C->T p=0.5586, T->C p=0.8669
2025-06-30 20:46:24,168 - INFO - Confounder validation for UnemploymentRate_lag_5: Valid=False, C->T p=0.2600, T->C p=0.0094
2025-06-30 20:46:24,417 - INFO - Confounder validation for Rate_lag_20_diff: Valid=True, C->T p=0.0152, T->C p=0.6399
2025-06-30 20:46:24,597 - INFO - Confounder validation for UnemploymentRate_lag_20: Valid=False, C->T p=0.5209, T->C p=0.1185
2025-06-30 20:46:24,780 - INFO - Confounder validation for GBP_USD_lag_10: Valid=False, C->T p=0.5175, T->C p=0.0003
2025-06-30 20:46:24,947 - INFO - Confounder validation for Rate_lag_5_diff: Valid=False, C->T p=0.0540, T->C p=0.0214
2025-06-30 20:46:25,115 - INFO - Confounder validation for GBP_USD_lag_20: Valid=False, C->T p=0.1129, T->C p=0.1958
2025-06-30 20:46:25,296 - INFO - Confounder validation for BB_Position_lag_5: Valid=False, C->T p=0.0687, T->C p=0.0000
2025-06-30 20:46:25,470 - INFO - Confounder validation for BB_Position_lag_3: Valid=False, C->T p=0.1814, T->C p=0.0000
2025-06-30 20:46:25,615 - INFO - Confounder validation for RSI_14_lag_3: Valid=False, C->T p=0.0205, T->C p=0.0000
2025-06-30 20:46:25,780 - INFO - Confounder validation for RSI_14_lag_5: Valid=False, C->T p=0.0381, T->C p=0.0000
2025-06-30 20:46:25,936 - INFO - Confounder validation for BB_Position_lag_1: Valid=False, C->T p=0.0261, T->C p=0.0150
2025-06-30 20:46:26,099 - INFO - Confounder validation for Daily_Return_lag_5: Valid=False, C->T p=0.0632, T->C p=0.0000
2025-06-30 20:46:26,250 - INFO - Confounder validation for Daily_Return_lag_1: Valid=False, C->T p=0.1502, T->C p=0.0527
2025-06-30 20:46:26,422 - INFO - Confounder validation for Daily_Return_lag_3: Valid=False, C->T p=0.0955, T->C p=0.0000
2025-06-30 20:46:26,584 - INFO - Confounder validation for Daily_Return_lag_2: Valid=False, C->T p=0.2013, T->C p=0.0000
2025-06-30 20:46:26,735 - INFO - Confounder validation for Volume_Ratio_lag_1: Valid=False, C->T p=0.0421, T->C p=0.0000
2025-06-30 20:46:26,744 - INFO - Model to find the causal effect of treatment ['RSI_14_lag_1'] on outcome ['Target_Direction']
2025-06-30 20:46:26,753 - INFO - Causal effect can be identified.
2025-06-30 20:46:26,754 - INFO - Instrumental variables for treatment and outcome:[]
2025-06-30 20:46:26,755 - INFO - Frontdoor variables for treatment and outcome:[]
2025-06-30 20:46:26,755 - INFO - linear_regression
2025-06-30 20:46:26,756 - INFO - INFO: Using Linear Regression Estimator
2025-06-30 20:46:26,758 - INFO - b: Target_Direction~RSI_14_lag_1+Rate_lag_20_diff+Rate_lag_1_diff
2025-06-30 20:46:26,781 - INFO - DoWhy estimate for RSI_14_lag_1 using backdoor.linear_regression: -0.0004
2025-06-30 20:46:26,781 - INFO - generalized_linear_model
2025-06-30 20:46:26,781 - INFO - INFO: Using Generalized Linear Model Estimator
2025-06-30 20:46:26,783 - INFO - b: Target_Direction~Sigmoid(RSI_14_lag_1+Rate_lag_20_diff+Rate_lag_1_diff)
2025-06-30 20:46:26,823 - INFO - DoWhy estimate for RSI_14_lag_1 using backdoor.generalized_linear_model: -0.0004
2025-06-30 20:46:26,826 - INFO - Model to find the causal effect of treatment ['RSI_14_lag_1_placebo'] on outcome ['Target_Direction']
2025-06-30 20:46:26,827 - WARNING - There are an additional 1 variables in the dataset that are not in the graph. Variable names are: '['RSI_14_lag_1']'
2025-06-30 20:46:26,829 - INFO - Causal effect can be identified.
2025-06-30 20:46:26,830 - INFO - Instrumental variables for treatment and outcome:[]
2025-06-30 20:46:26,831 - INFO - Frontdoor variables for treatment and outcome:[]
2025-06-30 20:46:26,831 - INFO - linear_regression
2025-06-30 20:46:26,832 - INFO - INFO: Using Linear Regression Estimator
2025-06-30 20:46:26,833 - INFO - b: Target_Direction~RSI_14_lag_1_placebo+Rate_lag_20_diff+Rate_lag_1_diff
2025-06-30 20:46:26,858 - INFO - Placebo test for RSI_14_lag_1: -0.0003
2025-06-30 20:46:26,858 - ERROR - 'MockEstimate' object has no attribute 'estimator'
2025-06-30 20:46:26,860 - INFO - Refutation over 100 simulated datasets, each with a random common cause added
2025-06-30 20:46:26,862 - ERROR - Random common cause test failed for RSI_14_lag_1: 'MockEstimate' object has no attribute 'estimator'
2025-06-30 20:46:26,863 - INFO - Analyzing causal effect of Rate_lag_5_diff on Target_Direction
2025-06-30 20:46:27,080 - INFO - Confounder validation for GBP_USD_lag_5: Valid=False, C->T p=0.0000, T->C p=0.0000
2025-06-30 20:46:27,271 - INFO - Confounder validation for CPI_lag_1: Valid=True, C->T p=0.0000, T->C p=0.0925
2025-06-30 20:46:27,436 - INFO - Confounder validation for CPI_lag_10: Valid=True, C->T p=0.0000, T->C p=0.1310
2025-06-30 20:46:27,603 - INFO - Confounder validation for CPI_lag_5: Valid=True, C->T p=0.0000, T->C p=0.9092
2025-06-30 20:46:27,748 - INFO - Confounder validation for UnemploymentRate_lag_10: Valid=False, C->T p=0.0000, T->C p=0.0000
2025-06-30 20:46:27,818 - ERROR - Error testing Granger causality Rate_lag_1_diff -> Rate_lag_5_diff: The Granger causality test statistic cannot be compute because the VAR has a perfect fit of the data.
2025-06-30 20:46:27,905 - INFO - Confounder validation for Rate_lag_1_diff: Valid=False, C->T p=1.0000, T->C p=0.0248
2025-06-30 20:46:28,061 - INFO - Confounder validation for UnemploymentRate_lag_1: Valid=False, C->T p=0.0000, T->C p=0.0159
2025-06-30 20:46:28,235 - INFO - Confounder validation for GBP_USD_lag_1: Valid=False, C->T p=0.0000, T->C p=0.0000
2025-06-30 20:46:28,364 - INFO - Confounder validation for CPI_lag_20: Valid=True, C->T p=0.0000, T->C p=0.5342
2025-06-30 20:46:28,536 - INFO - Confounder validation for UnemploymentRate_lag_5: Valid=True, C->T p=0.0000, T->C p=0.8430
2025-06-30 20:46:28,716 - INFO - Confounder validation for Rate_lag_20_diff: Valid=False, C->T p=0.7788, T->C p=0.7788
2025-06-30 20:46:28,911 - INFO - Confounder validation for UnemploymentRate_lag_20: Valid=False, C->T p=0.0000, T->C p=0.0395
2025-06-30 20:46:29,061 - INFO - Confounder validation for GBP_USD_lag_10: Valid=False, C->T p=0.0000, T->C p=0.0026
2025-06-30 20:46:29,206 - INFO - Confounder validation for GBP_USD_lag_20: Valid=True, C->T p=0.0000, T->C p=0.1281
2025-06-30 20:46:29,348 - INFO - Confounder validation for BB_Position_lag_5: Valid=True, C->T p=0.0080, T->C p=0.0556
2025-06-30 20:46:29,535 - INFO - Confounder validation for BB_Position_lag_3: Valid=True, C->T p=0.0023, T->C p=0.0563
2025-06-30 20:46:29,691 - INFO - Confounder validation for RSI_14_lag_1: Valid=True, C->T p=0.0214, T->C p=0.0540
2025-06-30 20:46:29,848 - INFO - Confounder validation for RSI_14_lag_3: Valid=True, C->T p=0.0045, T->C p=0.1289
2025-06-30 20:46:30,028 - INFO - Confounder validation for RSI_14_lag_5: Valid=False, C->T p=0.0179, T->C p=0.0120
2025-06-30 20:46:30,182 - INFO - Confounder validation for BB_Position_lag_1: Valid=True, C->T p=0.0101, T->C p=0.2186
2025-06-30 20:46:30,338 - INFO - Confounder validation for Daily_Return_lag_5: Valid=False, C->T p=0.0000, T->C p=0.0000
2025-06-30 20:46:30,510 - INFO - Confounder validation for Daily_Return_lag_1: Valid=False, C->T p=0.0000, T->C p=0.0353
2025-06-30 20:46:30,678 - INFO - Confounder validation for Daily_Return_lag_3: Valid=False, C->T p=0.0000, T->C p=0.0169
2025-06-30 20:46:30,831 - INFO - Confounder validation for Daily_Return_lag_2: Valid=False, C->T p=0.0000, T->C p=0.0398
2025-06-30 20:46:30,995 - INFO - Confounder validation for Volume_Ratio_lag_1: Valid=False, C->T p=0.0019, T->C p=0.0365
2025-06-30 20:46:31,000 - INFO - Model to find the causal effect of treatment ['Rate_lag_5_diff'] on outcome ['Target_Direction']
2025-06-30 20:46:31,661 - INFO - Causal effect can be identified.
2025-06-30 20:46:31,662 - INFO - Instrumental variables for treatment and outcome:[]
2025-06-30 20:46:31,662 - INFO - Frontdoor variables for treatment and outcome:[]
2025-06-30 20:46:31,662 - INFO - linear_regression
2025-06-30 20:46:31,662 - INFO - INFO: Using Linear Regression Estimator
2025-06-30 20:46:31,662 - INFO - b: Target_Direction~Rate_lag_5_diff+CPI_lag_10+GBP_USD_lag_20+BB_Position_lag_3+BB_Position_lag_5+CPI_lag_1+CPI_lag_20+CPI_lag_5+RSI_14_lag_3+UnemploymentRate_lag_5+RSI_14_lag_1+BB_Position_lag_1
2025-06-30 20:46:31,699 - INFO - DoWhy estimate for Rate_lag_5_diff using backdoor.linear_regression: -0.1498
2025-06-30 20:46:31,700 - INFO - generalized_linear_model
2025-06-30 20:46:31,700 - INFO - INFO: Using Generalized Linear Model Estimator
2025-06-30 20:46:31,702 - INFO - b: Target_Direction~Sigmoid(Rate_lag_5_diff+CPI_lag_10+GBP_USD_lag_20+BB_Position_lag_3+BB_Position_lag_5+CPI_lag_1+CPI_lag_20+CPI_lag_5+RSI_14_lag_3+UnemploymentRate_lag_5+RSI_14_lag_1+BB_Position_lag_1)
2025-06-30 20:46:31,749 - INFO - DoWhy estimate for Rate_lag_5_diff using backdoor.generalized_linear_model: -0.1465
2025-06-30 20:46:31,760 - INFO - Model to find the causal effect of treatment ['Rate_lag_5_diff_placebo'] on outcome ['Target_Direction']
2025-06-30 20:46:31,760 - WARNING - There are an additional 1 variables in the dataset that are not in the graph. Variable names are: '['Rate_lag_5_diff']'
2025-06-30 20:46:32,404 - INFO - Causal effect can be identified.
2025-06-30 20:46:32,404 - INFO - Instrumental variables for treatment and outcome:[]
2025-06-30 20:46:32,416 - INFO - Frontdoor variables for treatment and outcome:[]
2025-06-30 20:46:32,416 - INFO - linear_regression
2025-06-30 20:46:32,416 - INFO - INFO: Using Linear Regression Estimator
2025-06-30 20:46:32,416 - INFO - b: Target_Direction~Rate_lag_5_diff_placebo+CPI_lag_10+GBP_USD_lag_20+BB_Position_lag_3+BB_Position_lag_5+CPI_lag_1+CPI_lag_20+CPI_lag_5+RSI_14_lag_3+UnemploymentRate_lag_5+RSI_14_lag_1+BB_Position_lag_1
2025-06-30 20:46:32,449 - INFO - Placebo test for Rate_lag_5_diff: -0.0230
2025-06-30 20:46:32,450 - ERROR - 'MockEstimate' object has no attribute 'estimator'
2025-06-30 20:46:32,450 - INFO - Refutation over 100 simulated datasets, each with a random common cause added
2025-06-30 20:46:32,454 - ERROR - Random common cause test failed for Rate_lag_5_diff: 'MockEstimate' object has no attribute 'estimator'
2025-06-30 20:46:32,456 - INFO - Analyzing causal effect of Rate_lag_5_diff on Target_Direction
2025-06-30 20:46:32,641 - INFO - Confounder validation for GBP_USD_lag_5: Valid=False, C->T p=0.0000, T->C p=0.0000
2025-06-30 20:46:32,832 - INFO - Confounder validation for CPI_lag_1: Valid=True, C->T p=0.0000, T->C p=0.0925
2025-06-30 20:46:33,032 - INFO - Confounder validation for CPI_lag_10: Valid=True, C->T p=0.0000, T->C p=0.1310
2025-06-30 20:46:33,253 - INFO - Confounder validation for CPI_lag_5: Valid=True, C->T p=0.0000, T->C p=0.9092
2025-06-30 20:46:33,446 - INFO - Confounder validation for UnemploymentRate_lag_10: Valid=False, C->T p=0.0000, T->C p=0.0000
2025-06-30 20:46:33,501 - ERROR - Error testing Granger causality Rate_lag_1_diff -> Rate_lag_5_diff: The Granger causality test statistic cannot be compute because the VAR has a perfect fit of the data.
2025-06-30 20:46:33,598 - INFO - Confounder validation for Rate_lag_1_diff: Valid=False, C->T p=1.0000, T->C p=0.0248
2025-06-30 20:46:33,780 - INFO - Confounder validation for UnemploymentRate_lag_1: Valid=False, C->T p=0.0000, T->C p=0.0159
2025-06-30 20:46:33,948 - INFO - Confounder validation for GBP_USD_lag_1: Valid=False, C->T p=0.0000, T->C p=0.0000
2025-06-30 20:46:34,129 - INFO - Confounder validation for CPI_lag_20: Valid=True, C->T p=0.0000, T->C p=0.5342
2025-06-30 20:46:34,302 - INFO - Confounder validation for UnemploymentRate_lag_5: Valid=True, C->T p=0.0000, T->C p=0.8430
2025-06-30 20:46:34,466 - INFO - Confounder validation for Rate_lag_20_diff: Valid=False, C->T p=0.7788, T->C p=0.7788
2025-06-30 20:46:34,621 - INFO - Confounder validation for UnemploymentRate_lag_20: Valid=False, C->T p=0.0000, T->C p=0.0395
2025-06-30 20:46:34,793 - INFO - Confounder validation for GBP_USD_lag_10: Valid=False, C->T p=0.0000, T->C p=0.0026
2025-06-30 20:46:34,950 - INFO - Confounder validation for GBP_USD_lag_20: Valid=True, C->T p=0.0000, T->C p=0.1281
2025-06-30 20:46:35,192 - INFO - Confounder validation for BB_Position_lag_5: Valid=True, C->T p=0.0080, T->C p=0.0556
2025-06-30 20:46:35,346 - INFO - Confounder validation for BB_Position_lag_3: Valid=True, C->T p=0.0023, T->C p=0.0563
2025-06-30 20:46:35,515 - INFO - Confounder validation for RSI_14_lag_1: Valid=True, C->T p=0.0214, T->C p=0.0540
2025-06-30 20:46:35,676 - INFO - Confounder validation for RSI_14_lag_3: Valid=True, C->T p=0.0045, T->C p=0.1289
2025-06-30 20:46:35,841 - INFO - Confounder validation for RSI_14_lag_5: Valid=False, C->T p=0.0179, T->C p=0.0120
2025-06-30 20:46:35,982 - INFO - Confounder validation for BB_Position_lag_1: Valid=True, C->T p=0.0101, T->C p=0.2186
2025-06-30 20:46:36,146 - INFO - Confounder validation for Daily_Return_lag_5: Valid=False, C->T p=0.0000, T->C p=0.0000
2025-06-30 20:46:36,314 - INFO - Confounder validation for Daily_Return_lag_1: Valid=False, C->T p=0.0000, T->C p=0.0353
2025-06-30 20:46:36,480 - INFO - Confounder validation for Daily_Return_lag_3: Valid=False, C->T p=0.0000, T->C p=0.0169
2025-06-30 20:46:36,630 - INFO - Confounder validation for Daily_Return_lag_2: Valid=False, C->T p=0.0000, T->C p=0.0398
2025-06-30 20:46:36,796 - INFO - Confounder validation for Volume_Ratio_lag_1: Valid=False, C->T p=0.0019, T->C p=0.0365
2025-06-30 20:46:36,798 - INFO - Model to find the causal effect of treatment ['Rate_lag_5_diff'] on outcome ['Target_Direction']
2025-06-30 20:46:37,478 - INFO - Causal effect can be identified.
2025-06-30 20:46:37,478 - INFO - Instrumental variables for treatment and outcome:[]
2025-06-30 20:46:37,478 - INFO - Frontdoor variables for treatment and outcome:[]
2025-06-30 20:46:37,478 - INFO - linear_regression
2025-06-30 20:46:37,486 - INFO - INFO: Using Linear Regression Estimator
2025-06-30 20:46:37,488 - INFO - b: Target_Direction~Rate_lag_5_diff+CPI_lag_10+GBP_USD_lag_20+BB_Position_lag_3+BB_Position_lag_5+CPI_lag_1+CPI_lag_20+CPI_lag_5+RSI_14_lag_3+UnemploymentRate_lag_5+RSI_14_lag_1+BB_Position_lag_1
2025-06-30 20:46:37,522 - INFO - DoWhy estimate for Rate_lag_5_diff using backdoor.linear_regression: -0.1498
2025-06-30 20:46:37,522 - INFO - generalized_linear_model
2025-06-30 20:46:37,524 - INFO - INFO: Using Generalized Linear Model Estimator
2025-06-30 20:46:37,525 - INFO - b: Target_Direction~Sigmoid(Rate_lag_5_diff+CPI_lag_10+GBP_USD_lag_20+BB_Position_lag_3+BB_Position_lag_5+CPI_lag_1+CPI_lag_20+CPI_lag_5+RSI_14_lag_3+UnemploymentRate_lag_5+RSI_14_lag_1+BB_Position_lag_1)
2025-06-30 20:46:37,583 - INFO - DoWhy estimate for Rate_lag_5_diff using backdoor.generalized_linear_model: -0.1465
2025-06-30 20:46:37,590 - INFO - Model to find the causal effect of treatment ['Rate_lag_5_diff_placebo'] on outcome ['Target_Direction']
2025-06-30 20:46:37,590 - WARNING - There are an additional 1 variables in the dataset that are not in the graph. Variable names are: '['Rate_lag_5_diff']'
2025-06-30 20:46:38,223 - INFO - Causal effect can be identified.
2025-06-30 20:46:38,223 - INFO - Instrumental variables for treatment and outcome:[]
2025-06-30 20:46:38,227 - INFO - Frontdoor variables for treatment and outcome:[]
2025-06-30 20:46:38,227 - INFO - linear_regression
2025-06-30 20:46:38,227 - INFO - INFO: Using Linear Regression Estimator
2025-06-30 20:46:38,227 - INFO - b: Target_Direction~Rate_lag_5_diff_placebo+CPI_lag_10+GBP_USD_lag_20+BB_Position_lag_3+BB_Position_lag_5+CPI_lag_1+CPI_lag_20+CPI_lag_5+RSI_14_lag_3+UnemploymentRate_lag_5+RSI_14_lag_1+BB_Position_lag_1
2025-06-30 20:46:38,261 - INFO - Placebo test for Rate_lag_5_diff: 0.1507
2025-06-30 20:46:38,263 - ERROR - 'MockEstimate' object has no attribute 'estimator'
2025-06-30 20:46:38,263 - INFO - Refutation over 100 simulated datasets, each with a random common cause added
2025-06-30 20:46:38,268 - ERROR - Random common cause test failed for Rate_lag_5_diff: 'MockEstimate' object has no attribute 'estimator'
2025-06-30 20:46:38,269 - INFO - Analyzing causal effect of RSI_14_lag_3 on Target_Direction
2025-06-30 20:46:38,450 - INFO - Confounder validation for GBP_USD_lag_5: Valid=False, C->T p=0.1554, T->C p=0.0000
2025-06-30 20:46:38,600 - INFO - Confounder validation for CPI_lag_1: Valid=True, C->T p=0.0323, T->C p=0.7631
2025-06-30 20:46:38,757 - INFO - Confounder validation for CPI_lag_10: Valid=False, C->T p=0.6975, T->C p=0.6554
2025-06-30 20:46:38,913 - INFO - Confounder validation for CPI_lag_5: Valid=True, C->T p=0.0241, T->C p=0.8790
2025-06-30 20:46:39,065 - INFO - Confounder validation for UnemploymentRate_lag_10: Valid=False, C->T p=0.0814, T->C p=0.0295
2025-06-30 20:46:39,228 - INFO - Confounder validation for Rate_lag_1_diff: Valid=True, C->T p=0.0399, T->C p=0.1563
2025-06-30 20:46:39,405 - INFO - Confounder validation for UnemploymentRate_lag_1: Valid=False, C->T p=0.5904, T->C p=0.0307
2025-06-30 20:46:39,548 - INFO - Confounder validation for GBP_USD_lag_1: Valid=False, C->T p=0.0000, T->C p=0.0144
2025-06-30 20:46:39,712 - INFO - Confounder validation for CPI_lag_20: Valid=True, C->T p=0.0077, T->C p=0.6527
2025-06-30 20:46:39,879 - INFO - Confounder validation for UnemploymentRate_lag_5: Valid=False, C->T p=0.0214, T->C p=0.0163
2025-06-30 20:46:40,047 - INFO - Confounder validation for Rate_lag_20_diff: Valid=False, C->T p=0.0714, T->C p=0.5778
2025-06-30 20:46:40,213 - INFO - Confounder validation for UnemploymentRate_lag_20: Valid=False, C->T p=0.4108, T->C p=0.4805
2025-06-30 20:46:40,369 - INFO - Confounder validation for GBP_USD_lag_10: Valid=False, C->T p=0.7494, T->C p=0.0015
2025-06-30 20:46:40,542 - INFO - Confounder validation for Rate_lag_5_diff: Valid=False, C->T p=0.1289, T->C p=0.0045
2025-06-30 20:46:40,695 - INFO - Confounder validation for GBP_USD_lag_20: Valid=True, C->T p=0.0268, T->C p=0.1349
2025-06-30 20:46:40,854 - INFO - Confounder validation for BB_Position_lag_5: Valid=False, C->T p=0.2126, T->C p=0.0000
2025-06-30 20:46:41,017 - INFO - Confounder validation for BB_Position_lag_3: Valid=False, C->T p=0.0265, T->C p=0.0147
2025-06-30 20:46:41,178 - INFO - Confounder validation for RSI_14_lag_1: Valid=False, C->T p=0.0000, T->C p=0.0205
2025-06-30 20:46:41,347 - INFO - Confounder validation for RSI_14_lag_5: Valid=False, C->T p=0.0255, T->C p=0.0000
2025-06-30 20:46:41,499 - INFO - Confounder validation for BB_Position_lag_1: Valid=False, C->T p=0.0000, T->C p=0.0016
2025-06-30 20:46:41,647 - INFO - Confounder validation for Daily_Return_lag_5: Valid=False, C->T p=0.1168, T->C p=0.0000
2025-06-30 20:46:41,826 - INFO - Confounder validation for Daily_Return_lag_1: Valid=False, C->T p=0.0000, T->C p=0.0142
2025-06-30 20:46:41,978 - INFO - Confounder validation for Daily_Return_lag_3: Valid=False, C->T p=0.1661, T->C p=0.0530
2025-06-30 20:46:42,169 - INFO - Confounder validation for Daily_Return_lag_2: Valid=False, C->T p=0.0000, T->C p=0.0470
2025-06-30 20:46:42,329 - INFO - Confounder validation for Volume_Ratio_lag_1: Valid=False, C->T p=0.0000, T->C p=0.0019
2025-06-30 20:46:42,345 - INFO - Model to find the causal effect of treatment ['RSI_14_lag_3'] on outcome ['Target_Direction']
2025-06-30 20:46:42,352 - INFO - Causal effect can be identified.
2025-06-30 20:46:42,362 - INFO - Instrumental variables for treatment and outcome:[]
2025-06-30 20:46:42,363 - INFO - Frontdoor variables for treatment and outcome:[]
2025-06-30 20:46:42,363 - INFO - linear_regression
2025-06-30 20:46:42,363 - INFO - INFO: Using Linear Regression Estimator
2025-06-30 20:46:42,365 - INFO - b: Target_Direction~RSI_14_lag_3+GBP_USD_lag_20+Rate_lag_1_diff+CPI_lag_1+CPI_lag_20+CPI_lag_5
2025-06-30 20:46:42,387 - INFO - DoWhy estimate for RSI_14_lag_3 using backdoor.linear_regression: -0.0004
2025-06-30 20:46:42,387 - INFO - generalized_linear_model
2025-06-30 20:46:42,393 - INFO - INFO: Using Generalized Linear Model Estimator
2025-06-30 20:46:42,394 - INFO - b: Target_Direction~Sigmoid(RSI_14_lag_3+GBP_USD_lag_20+Rate_lag_1_diff+CPI_lag_1+CPI_lag_20+CPI_lag_5)
2025-06-30 20:46:42,429 - INFO - DoWhy estimate for RSI_14_lag_3 using backdoor.generalized_linear_model: -0.0004
2025-06-30 20:46:42,431 - INFO - Model to find the causal effect of treatment ['RSI_14_lag_3_placebo'] on outcome ['Target_Direction']
2025-06-30 20:46:42,431 - WARNING - There are an additional 1 variables in the dataset that are not in the graph. Variable names are: '['RSI_14_lag_3']'
2025-06-30 20:46:42,449 - INFO - Causal effect can be identified.
2025-06-30 20:46:42,450 - INFO - Instrumental variables for treatment and outcome:[]
2025-06-30 20:46:42,450 - INFO - Frontdoor variables for treatment and outcome:[]
2025-06-30 20:46:42,450 - INFO - linear_regression
2025-06-30 20:46:42,452 - INFO - INFO: Using Linear Regression Estimator
2025-06-30 20:46:42,453 - INFO - b: Target_Direction~RSI_14_lag_3_placebo+GBP_USD_lag_20+Rate_lag_1_diff+CPI_lag_1+CPI_lag_20+CPI_lag_5
2025-06-30 20:46:42,485 - INFO - Placebo test for RSI_14_lag_3: 0.0003
2025-06-30 20:46:42,485 - ERROR - 'MockEstimate' object has no attribute 'estimator'
2025-06-30 20:46:42,486 - INFO - Refutation over 100 simulated datasets, each with a random common cause added
2025-06-30 20:46:42,488 - ERROR - Random common cause test failed for RSI_14_lag_3: 'MockEstimate' object has no attribute 'estimator'
2025-06-30 20:46:42,488 - INFO - Analyzing causal effect of RSI_14_lag_5 on Target_Direction
2025-06-30 20:46:42,693 - INFO - Confounder validation for GBP_USD_lag_5: Valid=False, C->T p=0.0380, T->C p=0.0000
2025-06-30 20:46:42,867 - INFO - Confounder validation for CPI_lag_1: Valid=True, C->T p=0.0071, T->C p=0.6929
2025-06-30 20:46:43,030 - INFO - Confounder validation for CPI_lag_10: Valid=False, C->T p=0.1954, T->C p=0.4199
2025-06-30 20:46:43,184 - INFO - Confounder validation for CPI_lag_5: Valid=False, C->T p=0.0736, T->C p=0.8825
2025-06-30 20:46:43,327 - INFO - Confounder validation for UnemploymentRate_lag_10: Valid=False, C->T p=0.1677, T->C p=0.0400
2025-06-30 20:46:43,537 - INFO - Confounder validation for Rate_lag_1_diff: Valid=True, C->T p=0.0013, T->C p=0.7138
2025-06-30 20:46:43,707 - INFO - Confounder validation for UnemploymentRate_lag_1: Valid=False, C->T p=0.1112, T->C p=0.0082
2025-06-30 20:46:43,849 - INFO - Confounder validation for GBP_USD_lag_1: Valid=False, C->T p=0.0000, T->C p=0.0120
2025-06-30 20:46:44,016 - INFO - Confounder validation for CPI_lag_20: Valid=True, C->T p=0.0027, T->C p=0.5248
2025-06-30 20:46:44,177 - INFO - Confounder validation for UnemploymentRate_lag_5: Valid=False, C->T p=0.0839, T->C p=0.0048
2025-06-30 20:46:44,368 - INFO - Confounder validation for Rate_lag_20_diff: Valid=False, C->T p=0.1561, T->C p=0.5170
2025-06-30 20:46:44,517 - INFO - Confounder validation for UnemploymentRate_lag_20: Valid=False, C->T p=0.2754, T->C p=0.1680
2025-06-30 20:46:44,678 - INFO - Confounder validation for GBP_USD_lag_10: Valid=False, C->T p=0.0087, T->C p=0.0002
2025-06-30 20:46:44,845 - INFO - Confounder validation for Rate_lag_5_diff: Valid=False, C->T p=0.0120, T->C p=0.0179
2025-06-30 20:46:45,012 - INFO - Confounder validation for GBP_USD_lag_20: Valid=False, C->T p=0.0154, T->C p=0.0470
2025-06-30 20:46:45,170 - INFO - Confounder validation for BB_Position_lag_5: Valid=False, C->T p=0.0263, T->C p=0.0160
2025-06-30 20:46:45,327 - INFO - Confounder validation for BB_Position_lag_3: Valid=False, C->T p=0.0000, T->C p=0.0019
2025-06-30 20:46:45,512 - INFO - Confounder validation for RSI_14_lag_1: Valid=False, C->T p=0.0000, T->C p=0.0381
2025-06-30 20:46:45,704 - INFO - Confounder validation for RSI_14_lag_3: Valid=False, C->T p=0.0000, T->C p=0.0255
2025-06-30 20:46:45,868 - INFO - Confounder validation for BB_Position_lag_1: Valid=False, C->T p=0.0000, T->C p=0.0000
2025-06-30 20:46:46,045 - INFO - Confounder validation for Daily_Return_lag_5: Valid=False, C->T p=0.1856, T->C p=0.0566
2025-06-30 20:46:46,226 - INFO - Confounder validation for Daily_Return_lag_1: Valid=False, C->T p=0.0000, T->C p=0.0118
2025-06-30 20:46:46,408 - INFO - Confounder validation for Daily_Return_lag_3: Valid=False, C->T p=0.0000, T->C p=0.0148
2025-06-30 20:46:46,577 - INFO - Confounder validation for Daily_Return_lag_2: Valid=False, C->T p=0.0000, T->C p=0.0295
2025-06-30 20:46:46,758 - INFO - Confounder validation for Volume_Ratio_lag_1: Valid=True, C->T p=0.0000, T->C p=0.1062
2025-06-30 20:46:46,763 - INFO - Model to find the causal effect of treatment ['RSI_14_lag_5'] on outcome ['Target_Direction']
2025-06-30 20:46:46,777 - INFO - Causal effect can be identified.
2025-06-30 20:46:46,779 - INFO - Instrumental variables for treatment and outcome:[]
2025-06-30 20:46:46,780 - INFO - Frontdoor variables for treatment and outcome:[]
2025-06-30 20:46:46,781 - INFO - linear_regression
2025-06-30 20:46:46,782 - INFO - INFO: Using Linear Regression Estimator
2025-06-30 20:46:46,784 - INFO - b: Target_Direction~RSI_14_lag_5+Volume_Ratio_lag_1+CPI_lag_1+Rate_lag_1_diff+CPI_lag_20
2025-06-30 20:46:46,818 - INFO - DoWhy estimate for RSI_14_lag_5 using backdoor.linear_regression: -0.0005
2025-06-30 20:46:46,819 - INFO - generalized_linear_model
2025-06-30 20:46:46,819 - INFO - INFO: Using Generalized Linear Model Estimator
2025-06-30 20:46:46,821 - INFO - b: Target_Direction~Sigmoid(RSI_14_lag_5+Volume_Ratio_lag_1+CPI_lag_1+Rate_lag_1_diff+CPI_lag_20)
2025-06-30 20:46:46,865 - INFO - DoWhy estimate for RSI_14_lag_5 using backdoor.generalized_linear_model: -0.0005
2025-06-30 20:46:46,871 - INFO - Model to find the causal effect of treatment ['RSI_14_lag_5_placebo'] on outcome ['Target_Direction']
2025-06-30 20:46:46,871 - WARNING - There are an additional 1 variables in the dataset that are not in the graph. Variable names are: '['RSI_14_lag_5']'
2025-06-30 20:46:46,879 - INFO - Causal effect can be identified.
2025-06-30 20:46:46,881 - INFO - Instrumental variables for treatment and outcome:[]
2025-06-30 20:46:46,882 - INFO - Frontdoor variables for treatment and outcome:[]
2025-06-30 20:46:46,883 - INFO - linear_regression
2025-06-30 20:46:46,883 - INFO - INFO: Using Linear Regression Estimator
2025-06-30 20:46:46,885 - INFO - b: Target_Direction~RSI_14_lag_5_placebo+Volume_Ratio_lag_1+CPI_lag_1+Rate_lag_1_diff+CPI_lag_20
2025-06-30 20:46:46,920 - INFO - Placebo test for RSI_14_lag_5: 0.0004
2025-06-30 20:46:46,920 - ERROR - 'MockEstimate' object has no attribute 'estimator'
2025-06-30 20:46:46,920 - INFO - Refutation over 100 simulated datasets, each with a random common cause added
2025-06-30 20:46:46,923 - ERROR - Random common cause test failed for RSI_14_lag_5: 'MockEstimate' object has no attribute 'estimator'
2025-06-30 20:46:46,927 - INFO - Analyzing causal effect of GBP_USD_lag_20 on Target_Direction
2025-06-30 20:46:47,156 - INFO - Confounder validation for GBP_USD_lag_5: Valid=False, C->T p=0.0000, T->C p=0.0000
2025-06-30 20:46:47,361 - INFO - Confounder validation for CPI_lag_1: Valid=True, C->T p=0.0021, T->C p=0.4299
2025-06-30 20:46:47,558 - INFO - Confounder validation for CPI_lag_10: Valid=True, C->T p=0.0002, T->C p=0.4179
2025-06-30 20:46:47,774 - INFO - Confounder validation for CPI_lag_5: Valid=True, C->T p=0.0000, T->C p=0.3640
2025-06-30 20:46:47,943 - INFO - Confounder validation for UnemploymentRate_lag_10: Valid=False, C->T p=0.0000, T->C p=0.0000
2025-06-30 20:46:48,127 - INFO - Confounder validation for Rate_lag_1_diff: Valid=False, C->T p=0.0005, T->C p=0.0000
2025-06-30 20:46:48,310 - INFO - Confounder validation for UnemploymentRate_lag_1: Valid=False, C->T p=0.0000, T->C p=0.0000
2025-06-30 20:46:48,460 - INFO - Confounder validation for GBP_USD_lag_1: Valid=False, C->T p=0.0000, T->C p=0.0380
2025-06-30 20:46:48,616 - INFO - Confounder validation for CPI_lag_20: Valid=True, C->T p=0.0000, T->C p=0.4247
2025-06-30 20:46:48,808 - INFO - Confounder validation for UnemploymentRate_lag_5: Valid=False, C->T p=0.0000, T->C p=0.0000
2025-06-30 20:46:48,966 - INFO - Confounder validation for Rate_lag_20_diff: Valid=False, C->T p=0.0000, T->C p=0.0000
2025-06-30 20:46:49,145 - INFO - Confounder validation for UnemploymentRate_lag_20: Valid=False, C->T p=0.0000, T->C p=0.0000
2025-06-30 20:46:49,328 - INFO - Confounder validation for GBP_USD_lag_10: Valid=False, C->T p=0.0000, T->C p=0.0000
2025-06-30 20:46:49,510 - INFO - Confounder validation for Rate_lag_5_diff: Valid=False, C->T p=0.1281, T->C p=0.0000
2025-06-30 20:46:49,706 - INFO - Confounder validation for BB_Position_lag_5: Valid=False, C->T p=0.1788, T->C p=0.0099
2025-06-30 20:46:49,868 - INFO - Confounder validation for BB_Position_lag_3: Valid=False, C->T p=0.1493, T->C p=0.0083
2025-06-30 20:46:50,022 - INFO - Confounder validation for RSI_14_lag_1: Valid=False, C->T p=0.1958, T->C p=0.1129
2025-06-30 20:46:50,177 - INFO - Confounder validation for RSI_14_lag_3: Valid=False, C->T p=0.1349, T->C p=0.0268
2025-06-30 20:46:50,346 - INFO - Confounder validation for RSI_14_lag_5: Valid=False, C->T p=0.0470, T->C p=0.0154
2025-06-30 20:46:50,493 - INFO - Confounder validation for BB_Position_lag_1: Valid=False, C->T p=0.1504, T->C p=0.0669
2025-06-30 20:46:50,628 - INFO - Confounder validation for Daily_Return_lag_5: Valid=True, C->T p=0.0255, T->C p=0.1772
2025-06-30 20:46:50,799 - INFO - Confounder validation for Daily_Return_lag_1: Valid=False, C->T p=0.3916, T->C p=0.1020
2025-06-30 20:46:50,959 - INFO - Confounder validation for Daily_Return_lag_3: Valid=False, C->T p=0.1714, T->C p=0.0894
2025-06-30 20:46:51,126 - INFO - Confounder validation for Daily_Return_lag_2: Valid=False, C->T p=0.2805, T->C p=0.1455
2025-06-30 20:46:51,285 - INFO - Confounder validation for Volume_Ratio_lag_1: Valid=False, C->T p=0.1337, T->C p=0.5385
2025-06-30 20:46:51,291 - INFO - Model to find the causal effect of treatment ['GBP_USD_lag_20'] on outcome ['Target_Direction']
2025-06-30 20:46:51,306 - INFO - Causal effect can be identified.
2025-06-30 20:46:51,307 - INFO - Instrumental variables for treatment and outcome:[]
2025-06-30 20:46:51,308 - INFO - Frontdoor variables for treatment and outcome:[]
2025-06-30 20:46:51,308 - INFO - linear_regression
2025-06-30 20:46:51,310 - INFO - INFO: Using Linear Regression Estimator
2025-06-30 20:46:51,311 - INFO - b: Target_Direction~GBP_USD_lag_20+Daily_Return_lag_5+CPI_lag_10+CPI_lag_1+CPI_lag_20+CPI_lag_5
2025-06-30 20:46:51,336 - INFO - DoWhy estimate for GBP_USD_lag_20 using backdoor.linear_regression: -0.0176
2025-06-30 20:46:51,336 - INFO - generalized_linear_model
2025-06-30 20:46:51,336 - INFO - INFO: Using Generalized Linear Model Estimator
2025-06-30 20:46:51,344 - INFO - b: Target_Direction~Sigmoid(GBP_USD_lag_20+Daily_Return_lag_5+CPI_lag_10+CPI_lag_1+CPI_lag_20+CPI_lag_5)
2025-06-30 20:46:51,384 - INFO - DoWhy estimate for GBP_USD_lag_20 using backdoor.generalized_linear_model: -0.0175
2025-06-30 20:46:51,386 - INFO - Model to find the causal effect of treatment ['GBP_USD_lag_20_placebo'] on outcome ['Target_Direction']
2025-06-30 20:46:51,386 - WARNING - There are an additional 1 variables in the dataset that are not in the graph. Variable names are: '['GBP_USD_lag_20']'
2025-06-30 20:46:51,400 - INFO - Causal effect can be identified.
2025-06-30 20:46:51,403 - INFO - Instrumental variables for treatment and outcome:[]
2025-06-30 20:46:51,404 - INFO - Frontdoor variables for treatment and outcome:[]
2025-06-30 20:46:51,404 - INFO - linear_regression
2025-06-30 20:46:51,405 - INFO - INFO: Using Linear Regression Estimator
2025-06-30 20:46:51,406 - INFO - b: Target_Direction~GBP_USD_lag_20_placebo+Daily_Return_lag_5+CPI_lag_10+CPI_lag_1+CPI_lag_20+CPI_lag_5
2025-06-30 20:46:51,435 - INFO - Placebo test for GBP_USD_lag_20: 0.0197
2025-06-30 20:46:51,435 - ERROR - 'MockEstimate' object has no attribute 'estimator'
2025-06-30 20:46:51,435 - INFO - Refutation over 100 simulated datasets, each with a random common cause added
2025-06-30 20:46:51,440 - ERROR - Random common cause test failed for GBP_USD_lag_20: 'MockEstimate' object has no attribute 'estimator'
2025-06-30 20:46:51,443 - INFO - Analyzing causal effect of BB_Position_lag_1 on Target_Direction
2025-06-30 20:46:51,641 - INFO - Confounder validation for GBP_USD_lag_5: Valid=False, C->T p=0.0604, T->C p=0.0000
2025-06-30 20:46:51,809 - INFO - Confounder validation for CPI_lag_1: Valid=False, C->T p=0.3042, T->C p=0.6695
2025-06-30 20:46:51,943 - INFO - Confounder validation for CPI_lag_10: Valid=False, C->T p=0.2305, T->C p=0.8649
2025-06-30 20:46:52,109 - INFO - Confounder validation for CPI_lag_5: Valid=False, C->T p=0.1980, T->C p=0.9265
2025-06-30 20:46:52,248 - INFO - Confounder validation for UnemploymentRate_lag_10: Valid=False, C->T p=0.0512, T->C p=0.0299
2025-06-30 20:46:52,413 - INFO - Confounder validation for Rate_lag_1_diff: Valid=False, C->T p=0.1748, T->C p=0.3082
2025-06-30 20:46:52,574 - INFO - Confounder validation for UnemploymentRate_lag_1: Valid=False, C->T p=0.3590, T->C p=0.0022
2025-06-30 20:46:52,725 - INFO - Confounder validation for GBP_USD_lag_1: Valid=False, C->T p=0.0900, T->C p=0.0000
2025-06-30 20:46:52,913 - INFO - Confounder validation for CPI_lag_20: Valid=False, C->T p=0.2589, T->C p=0.8907
2025-06-30 20:46:53,075 - INFO - Confounder validation for UnemploymentRate_lag_5: Valid=False, C->T p=0.4410, T->C p=0.0308
2025-06-30 20:46:53,241 - INFO - Confounder validation for Rate_lag_20_diff: Valid=True, C->T p=0.0040, T->C p=0.5417
2025-06-30 20:46:53,406 - INFO - Confounder validation for UnemploymentRate_lag_20: Valid=False, C->T p=0.3453, T->C p=0.2895
2025-06-30 20:46:53,559 - INFO - Confounder validation for GBP_USD_lag_10: Valid=False, C->T p=0.3111, T->C p=0.0062
2025-06-30 20:46:53,756 - INFO - Confounder validation for Rate_lag_5_diff: Valid=False, C->T p=0.2186, T->C p=0.0101
2025-06-30 20:46:53,952 - INFO - Confounder validation for GBP_USD_lag_20: Valid=False, C->T p=0.0669, T->C p=0.1504
2025-06-30 20:46:54,140 - INFO - Confounder validation for BB_Position_lag_5: Valid=False, C->T p=0.0003, T->C p=0.0000
2025-06-30 20:46:54,317 - INFO - Confounder validation for BB_Position_lag_3: Valid=False, C->T p=0.0088, T->C p=0.0000
2025-06-30 20:46:54,475 - INFO - Confounder validation for RSI_14_lag_1: Valid=False, C->T p=0.0150, T->C p=0.0261
2025-06-30 20:46:54,625 - INFO - Confounder validation for RSI_14_lag_3: Valid=False, C->T p=0.0016, T->C p=0.0000
2025-06-30 20:46:54,792 - INFO - Confounder validation for RSI_14_lag_5: Valid=False, C->T p=0.0000, T->C p=0.0000
2025-06-30 20:46:54,945 - INFO - Confounder validation for Daily_Return_lag_5: Valid=False, C->T p=0.0007, T->C p=0.0000
2025-06-30 20:46:55,109 - INFO - Confounder validation for Daily_Return_lag_1: Valid=True, C->T p=0.0002, T->C p=0.0962
2025-06-30 20:46:55,263 - INFO - Confounder validation for Daily_Return_lag_3: Valid=False, C->T p=0.0004, T->C p=0.0000
2025-06-30 20:46:55,447 - INFO - Confounder validation for Daily_Return_lag_2: Valid=False, C->T p=0.0230, T->C p=0.0000
2025-06-30 20:46:55,608 - INFO - Confounder validation for Volume_Ratio_lag_1: Valid=False, C->T p=0.1050, T->C p=0.0000
2025-06-30 20:46:55,627 - INFO - Model to find the causal effect of treatment ['BB_Position_lag_1'] on outcome ['Target_Direction']
2025-06-30 20:46:55,633 - INFO - Causal effect can be identified.
2025-06-30 20:46:55,635 - INFO - Instrumental variables for treatment and outcome:[]
2025-06-30 20:46:55,635 - INFO - Frontdoor variables for treatment and outcome:[]
2025-06-30 20:46:55,635 - INFO - linear_regression
2025-06-30 20:46:55,635 - INFO - INFO: Using Linear Regression Estimator
2025-06-30 20:46:55,635 - INFO - b: Target_Direction~BB_Position_lag_1+Rate_lag_20_diff+Daily_Return_lag_1
2025-06-30 20:46:55,662 - INFO - DoWhy estimate for BB_Position_lag_1 using backdoor.linear_regression: -0.0120
2025-06-30 20:46:55,662 - INFO - generalized_linear_model
2025-06-30 20:46:55,663 - INFO - INFO: Using Generalized Linear Model Estimator
2025-06-30 20:46:55,665 - INFO - b: Target_Direction~Sigmoid(BB_Position_lag_1+Rate_lag_20_diff+Daily_Return_lag_1)
2025-06-30 20:46:55,699 - INFO - DoWhy estimate for BB_Position_lag_1 using backdoor.generalized_linear_model: -0.0120
2025-06-30 20:46:55,702 - INFO - Model to find the causal effect of treatment ['BB_Position_lag_1_placebo'] on outcome ['Target_Direction']
2025-06-30 20:46:55,702 - WARNING - There are an additional 1 variables in the dataset that are not in the graph. Variable names are: '['BB_Position_lag_1']'
2025-06-30 20:46:55,706 - INFO - Causal effect can be identified.
2025-06-30 20:46:55,707 - INFO - Instrumental variables for treatment and outcome:[]
2025-06-30 20:46:55,707 - INFO - Frontdoor variables for treatment and outcome:[]
2025-06-30 20:46:55,707 - INFO - linear_regression
2025-06-30 20:46:55,709 - INFO - INFO: Using Linear Regression Estimator
2025-06-30 20:46:55,711 - INFO - b: Target_Direction~BB_Position_lag_1_placebo+Rate_lag_20_diff+Daily_Return_lag_1
2025-06-30 20:46:55,735 - INFO - Placebo test for BB_Position_lag_1: -0.0047
2025-06-30 20:46:55,735 - ERROR - 'MockEstimate' object has no attribute 'estimator'
2025-06-30 20:46:55,737 - INFO - Refutation over 100 simulated datasets, each with a random common cause added
2025-06-30 20:46:55,739 - ERROR - Random common cause test failed for BB_Position_lag_1: 'MockEstimate' object has no attribute 'estimator'
2025-06-30 20:46:55,740 - INFO - Enhanced DoWhy causal analysis completed for 24 variables
2025-06-30 20:46:55,743 - INFO - Starting sensitivity analysis
2025-06-30 20:46:55,743 - INFO - Testing temporal stability of causal relationships
2025-06-30 20:46:55,767 - INFO - Analyzing Pre-COVID: 6280 observations
2025-06-30 20:46:56,884 - INFO - Analyzing COVID Period: 1570 observations
2025-06-30 20:46:57,509 - INFO - Analyzing Post-COVID: 5044 observations
2025-06-30 20:46:58,574 - INFO - Sensitivity analysis completed
2025-06-30 20:46:58,578 - INFO - Starting modeling dataset preparation
2025-06-30 20:46:58,598 - INFO - Found 29 causal features
2025-06-30 20:46:58,600 - INFO - Keeping 29 causal features with original names
2025-06-30 20:46:58,608 - INFO - Feature breakdown - Total: 110, Causal: 29, Non-causal: 84
2025-06-30 20:47:00,342 - INFO - Enhanced dataset saved: causal_enhanced_modeling_dataset.csv
2025-06-30 20:47:00,379 - INFO - Feature metadata saved: causal_analysis_metadata.json
2025-06-30 20:47:00,381 - INFO - Generating comprehensive causal inference report
2025-06-30 20:47:00,382 - INFO - Analysis summary - Dataset: 12,894 obs, Target: Target_Direction, Significant relationships: 29
2025-06-30 20:47:00,491 - INFO - Enhanced causal inference report generation completed
